urn_id,distance,public_id
ACoAAC3n1v0BAK5TZoUjYIilKjFehZxUx9VLdGo,DISTANCE_2,christine-khalil-4a5b17195
ACoAACKbAiEB52i98c1aUHbZuQAqMxtUu5H5dOs,DISTANCE_2,learechdan
ACoAACn5pd0B71UHxORn_9HJy-Vmrvo-51e-skE,DISTANCE_2,clara-decotignie-791a16177
ACoAABUgjZgBleeaLJhT93iFuqZRUzjXIHSST7M,DISTANCE_2,ahmad-darwich
ACoAAC7i90YBJzdI5l7J0C5Fp6Cod6oOQj6zJaE,DISTANCE_2,sebastien-lastre
ACoAACVcrBsBkGbmhgGXsAOQAzk_3sKygRXjCfM,DISTANCE_2,maxime-bustros-077b11155
ACoAAC9pXp4BndRnGIZUVLEpVxhktLpDvZk2H-o,DISTANCE_2,charles-thonier
ACoAABW_Vy0BLPCNoySCEl1zBo6X1Z3_iepQIVg,DISTANCE_2,aymeric-basset
ACoAADKQ2I0BOqBE0EuFkwOeNRVCTqeaY-T-Yv4,DISTANCE_2,oliver-tannous
ACoAACrW4_QB_WpOBYvEwaeBJsNZJVKpbf6QXh8,DISTANCE_2,john-kassab-584849180
ACoAADRcbWgBFgAy0eccS44k2B7NYgkcq3u2yt0,DISTANCE_2,lena-abalo
ACoAADU_eMcBEyDr-PtS3mbMtbgVA6xbyjHLn-o,DISTANCE_2,nadim-el-khoury
ACoAAC2hZLQB9YrXAXM6Jv4Pv7eZ-xDkiO1zYkM,DISTANCE_2,raymonde-akiki-7b046b194
ACoAACX3CuQB1cfNYD6X3xY3rlisK85kHi2athk,DISTANCE_2,brianbaboch
ACoAAB9BQ48BttTMTxruYomzg67FEhbsFPzmYBQ,DISTANCE_2,maximilien-germain
ACoAAC30V8kB6_MW7G7qRHJ15t-LzilUV8lI6mQ,DISTANCE_2,tracy-abboud-721251196
ACoAADK1DO8B4qF-vl5vgAJYpH80FCyFQnwGXcI,DISTANCE_2,joe-khawand-43baa61b8
ACoAACWWSC4BfW2twzn4QtPOExlviOZn-5Ak-9M,DISTANCE_2,ahmed-es-sakouri
ACoAAB6zX-oBjbDWIZI3SEUsqiG_1VKkpNMxn5Q,DISTANCE_2,jack-yammine
ACoAACBnqxYBVENE0junuYPMbpdL1dyUsCdf37Y,DISTANCE_2,carl-khoueiry
ACoAACzeM9YBsQWrgW3OvrwdqRjaRd1F-r0w1qE,DISTANCE_2,léa-zouein-a46120190
ACoAACm1NCwBNeiqP2lpZ5LdnW2EIUx0pFZnbyI,DISTANCE_2,emile-wakim
ACoAAB5F6X8BJ0QUPsiLUtbpUKpdGfmOo9DiX2c,DISTANCE_2,kevin-attieh
ACoAACpsLD8BsN07KVsD5U33wdKCqYxweEUfuvo,DISTANCE_2,quentinbihare
ACoAAC4xDvYBxo6dpl5rPnYhneFJ88m4BRIeZXI,DISTANCE_2,grégoire-hugon-35a650197
ACoAACX_o44BxDo-5qzIYMcuYqVaJekswr-Vf4M,DISTANCE_2,christelle-zouein
ACoAACHMqisBWPpS9x_c3L8BjVCAlFjlkLKWQIY,DISTANCE_2,antoine-gauthier-ensta
ACoAADK1KdEB_9RNNAVxOeS3xfaGnEM3Fa67KME,DISTANCE_2,adib-alhachem-781aaa1b8
ACoAADGPMRIBNMJugvrofZ-bXV2VQPW1sFrsYBs,DISTANCE_2,yu-wang-5aa5591b2
ACoAADCV3q8BncPpAZkmtZVyJ82lyr7xY-gaKoI,DISTANCE_2,joyce-pascale-tchamdjou
ACoAACbQL9EBvpZSnL1yN_-ro5BHxMhLRvsh6yM,DISTANCE_2,georgeshachem
ACoAAB5IkDgBMpT70ttU0rVRVmrgEzBGwd08cc8,DISTANCE_2,ghita-cherif-alami-18819b122
ACoAACSS804BBfYPYleYPWTaSxE14DeGXz4SpMU,DISTANCE_2,maria-nicolas
ACoAACxytTUBxiQdXFOYPVRAdIJcqufPl-_kqe8,DISTANCE_2,celinebalaa
ACoAACkmgCMBW3YhRR1vvJOCweWgkyaCmgipIto,DISTANCE_2,sofian-chaybouti-82b262173
ACoAAB5YBAYBQQf2KPUjDMpUyjlF0yUL0HG_KdQ,DISTANCE_2,ali-sidani
ACoAAB-IuzUBhQPbyVaxQe47rs9LEWmObz4ZTNk,DISTANCE_2,ibrahimfawaz
ACoAACxhghoBPfqKUEQWNljLReub6ImwrzdT-04,DISTANCE_2,maria-khaled
ACoAABqJ04cBPltswfsZti2KnypeziO0WLnSaAg,DISTANCE_2,emile-el-hoyek
ACoAADWxNEIBKki0h7mwfkIIZYI6W-bEN1IPUa8,DISTANCE_2,elias-madi-716817211
ACoAAB6n-S8BWBMMmHyh_c_lU0AVuETEkW_rqXM,DISTANCE_2,claire-picon-7a72b5124
ACoAAC47XSMBZ3BPhBHrkD916R3KFzJ6zuBrMaw,DISTANCE_2,christel-semaan-16b917197
ACoAAB5vt5YBislOk4rwonTnVbob7mdo70S8uDY,DISTANCE_2,léa-mollet-106018123
ACoAADMroSwBd_fv1Yg-NRXtDxmK74ik4dffwso,DISTANCE_2,laura-dufresne-6b86131bb
ACoAAC95GP4BL99TdGVF_eDMRgWOb2qXsi34yIs,DISTANCE_2,zohra-lassouane-♠️-5928991a2
ACoAACpvkB4Byrlwo3sWVKDyfp0xDSHsEAHwF-s,DISTANCE_2,bodinier
ACoAACMALpkBjFGffZvFJ3Vp7pI6fAzHXT4Lcg4,DISTANCE_2,perla-sawma-2497a7144
ACoAADI9V34BSWIoO0BgSHCPt5hAzs-TI4aXH9s,DISTANCE_2,nay-attieh
ACoAACZLWrABHDnucEOS-pG30pEF7SEHrl8t31E,DISTANCE_2,sabine-kanaan
ACoAADkVAwwBDrkRbi4I9U7G8ulP1dwW1FVwy-c,DISTANCE_2,yasmine-diya-010884228
ACoAACQ1niUBvkpMmqVYyYN1Z8ZgAF6wNjgYcmQ,DISTANCE_2,yanniscampo
ACoAACfq9mgB9i6NWscCOmmDwR8TEfJrKhMdAmY,DISTANCE_2,eliasbouabboud
ACoAAB0N-HEBrSNjaTEdSlEdj-DIZ8f2C08TnU0,DISTANCE_2,haya-safieddine
ACoAACBlTzEBQ0La_O7XZAjU6Z--JKkNhAqetVo,DISTANCE_2,jahmal-baptiste-52902b132
ACoAACCpaTwB8SYTa7PZd_iKuK3cR5Kci46P2PU,DISTANCE_2,karim-d-310622133
ACoAADfsSLYBEectGvO4pegbusB_yZYuGmxwYKA,DISTANCE_2,chen-marc
ACoAADh8Z1IBFt6ha1Xqvh_BOZi2ViiikCQ2uQc,DISTANCE_2,ali-tawbi
ACoAABKj2C8BuiXaP-bDgwYenjW6LU3BKPTjuzM,DISTANCE_2,cyril-éric-abdo
ACoAAB8RPu0BoYKjyINWXqRjnrjX1qM91rfPP3U,DISTANCE_2,anissa-ourif-265682126
ACoAAC4IqV0BM4ZVefpvNBnNWVSC6wqkmsocZb0,DISTANCE_2,nordine-marie-engineer
ACoAADMpnuQBA_3rwQtlVnX55JcKTh4yp20Hb04,DISTANCE_2,mark-bitar
ACoAAB_aLaIBRe36SAnQezEr6lmQcbD8v9WDOu8,DISTANCE_2,melek-salhi-916b7212a
ACoAADSMnUAB3Dbv9JQHY4vMu7kmVpCxTJHawDc,DISTANCE_2,ahmadou-bouri-a2830a207
ACoAAB36sT4BEvQ8qnnLGAKCRL3VHuXy8hNvL9g,DISTANCE_2,henry-kettaneh
ACoAADCu9V4B_UYh-NxlItSFmM9IU_EnuqYTW3k,DISTANCE_2,arnaud-tran
ACoAAChj6A0BWI1LS_pteVLiLOQMDT5G8U1RTo4,DISTANCE_2,marion-le-béchec-639b3216a
ACoAADIArIsBiGhworC3JZ12HtLxjsWT8ARL1HM,DISTANCE_2,hadrien-camus
ACoAADUW5CUBogMfMHFQaVCAxYun5OPX62QB_Sg,DISTANCE_2,mariella-jreidy
ACoAADo2DvIBf9K00VEdTi63EOoiro-EiN4KqF0,DISTANCE_2,cesarsagaert
ACoAABqTLZcB--hCwDBIS6wJcPqqfy_leJ9tAxo,DISTANCE_2,floriane-reynet-jaffeux-9b3394105
ACoAACvL-XQBbazEhr6piOQKKLW3ClxHeFLP0pE,DISTANCE_2,joseph-bahsali-6180b4186
ACoAADA2i40Bm3-m2NfAiPgdyJC7-3MAcGbFoHY,DISTANCE_2,lucas-degeorge-551a861a6
ACoAACXe35YBwtFg9B2mbTO2OhSx_FC9bo3jydA,DISTANCE_2,cneyse
ACoAACwyubsBOjzDUhrTa3TzZnxtMsxJLN3prrQ,DISTANCE_2,violette-candel-537401188
ACoAADH3AzUBPmu39E0r2KU33fH8pAGJNGNdosw,DISTANCE_2,soël-megdoud
ACoAADkDjwoBNgHrP87fVfUvM367QzviTqGGAp0,DISTANCE_2,walid-outtaleb
ACoAAA71MpQBd86ueQVaLFw9OzRnsufcPPiXUGM,DISTANCE_2,ziad-saleh
ACoAAAga3W4BTbo_UipA4NN5G-gll1_jeK8ZyDo,DISTANCE_2,cyrilsabbagh
ACoAAAEmGBsBB3wTblQ8VfF2OSnDvr7ji3Dn3mA,DISTANCE_2,laurentperron
ACoAADkMuzwBgMwTcmAZw6LNfUWRg8_a1QsSmTI,DISTANCE_2,nour-rizk-b64661228
ACoAABlvZMkB9xSsgebxPgvY1WMFf92Rr9vFYME,DISTANCE_2,cloe-hajjar
ACoAAC3Hhv4B-pDW3_95bZohBI0TeEiPZ43iTqA,DISTANCE_2,peter-chawah
ACoAAB6PjNMBLh_fszEsWEkPVC3cvKX-x6Mdinw,DISTANCE_2,eugénie-le-tanneur-46b863123
ACoAAB0zEkgBt6qMY9ESgkcUog6_1jIOygGVEqY,DISTANCE_2,lauren-quaboul-00808b118
ACoAACeluRoBudUoRWAyklu_m0WQy7J9FNY2mc4,DISTANCE_2,chloe-kettaneh
ACoAAC3RdykB4CxIhrYDTybqzrQwE2qkxyw5OlE,DISTANCE_2,christelle-ghoch-a0952a195
ACoAADXcdC8B0XnhGvxxsmaJl1-2KsUyEQUiVm8,DISTANCE_2,diego-perraudin-a67763212
ACoAACZdUpMBVAohlZORMLilK69BS7RQlWLahQo,DISTANCE_2,alexandre-saab-90368215b
ACoAAC5JKLEBFOYAcNJ7h0kdUd6pWDghYS5358o,DISTANCE_2,carlo-mrad-3a9092198
ACoAACXk3psBX-FNsvMQ7bBElW0AfCKwUR6SzlQ,DISTANCE_2,ines-taoufiki-563ab6158
ACoAADNJacEBpTQETbbRysmeOEQr5jPWy28QeQw,DISTANCE_2,lucie-coerchon-1951b5200
ACoAADSOh3QBo7-PuHYNvDSOOdUhtLYxRK6hKbw,DISTANCE_2,carl-khoneisser-58436b207
ACoAAAvV2VUBO1_zFQdP7lfR4e5B3k0a1kys_Ps,DISTANCE_2,youma-traore-9b15b956
ACoAACGxmn4BkC1KzenfbWDOIUHzn3gpE5NKRcw,DISTANCE_2,anthony-issa-bba391139
ACoAACLjvv8BAaVtPAIG0zZQ7ZhlAGUlktoeZ6Q,DISTANCE_2,sami-chakir-8a7048144
ACoAADJ69-kBMi3B3lJxY5KsCf4eJW48Ibz9sd4,DISTANCE_2,mathias-joly-66176b1b7
ACoAABUHoJcBRQrJH8TbvXXLnbM14K274u07fpo,DISTANCE_2,charlotte-benoist-gironière-0731ab9a
ACoAAC7Qy78BdpeYveVrChqhvYr8U81XAPHrBqY,DISTANCE_2,abed-nawres-59305a19b
ACoAAAjme1EBSqoafwrGyqou4cu2FTIrXgEC9Ss,DISTANCE_2,agathepigeon
ACoAABmJZ1cBACOtmg2fOTUTnEy7yb-mya1ye8g,DISTANCE_2,inès-regaigui-107595bb
ACoAACOuyLYBpXYng5bRqBjR_rx0fuPDReCMgX4,DISTANCE_2,elodie-pauty-1865a5148
ACoAACl3-0MBJbVzoXd84C2XcmD53a1OIbuHE9k,DISTANCE_2,nawel-younes-b17bb8174
ACoAACh3AUkBkG7LGA9JqdtxejgaJdiqp0WU6JM,DISTANCE_2,jean-michel-ohandja-ayina
ACoAACj5f1EBiLJlBOUiXez6rBCdMzqh6zkk9vs,DISTANCE_2,bechir-anoir-chabchoub
ACoAADysZrcB1Z-nmB14fs6W0sfOHcHF-LVuNrM,DISTANCE_2,lauraghostine
ACoAAA0ZVSQBsnTpj5lLb4z22ZLuFMDuUsQfRig,DISTANCE_2,qbyron
ACoAABz3zhsB7150zA8jVJ9fcG4tipRydmDmCbk,DISTANCE_2,khaoula-hassane
ACoAAB_xvIwBmf94bEYy1PrKlNHz5b8S59KK3e4,DISTANCE_2,alexis-renondin-29059812b
ACoAADJMvbUBsZqe2UpDZ2aWApdJmd_SOJcC5MM,DISTANCE_2,amarnathe-k-3b174a1b6
ACoAACDXaysBe59FqFHFjdbezHV5paKpzGFLTOo,DISTANCE_2,julien-khourieh-177637134
ACoAACb7sMABECWMiZ7PAxZxTqDEepGXmof8-XQ,DISTANCE_2,valentin-sébé-000049163
ACoAABsd-lsB2zXDm8rLI6Jj1g2d0LPHPq4mSoc,DISTANCE_2,oriane-lau-pau-b37440108
ACoAAChmZysB6PW5NgckhqMDcfFBtNH12scLh6U,DISTANCE_2,alexandre-megarbane-263bb116a
ACoAACUQ7eQBBw2sxR4WURwH-k5sn6wqHAQCvC8,DISTANCE_2,say-bunthet-518318154
ACoAACsq-EoBDeh0V4GXuMdXLFPY2b7WBoSwqG4,DISTANCE_2,serena-bassil
ACoAABUxPJkBjnUI-1HhEngs7eX8X0jZHnDiVak,DISTANCE_2,suzy-el-nouchi-1610a59b
ACoAACllGW4BvUySjNqM-Q5bwJoH4NWxY_J-tIU,DISTANCE_2,thomas-verrecchia
ACoAACoaxtQBJOWNG1vAwHMHR78U_hvAQ1Zy20c,DISTANCE_2,philippekachouh
ACoAAB2tn6IBMH6IZJG5M_jgDW99JIn-NIgQgno,DISTANCE_2,pauline-d-aaa90211a
ACoAADPtVlIB7azTtahQu44k2zrwdrtzVk90gxc,DISTANCE_2,mayeul-aubin-156916203
ACoAACYa7DUB1ZxSMbtT5GQhVlf9T0gS7Naqtlg,DISTANCE_2,samba-faye-58512415a
ACoAABeieV8B4pBzXZmmbFs_oM6GhdmdOHP4k-M,DISTANCE_2,majedsader
ACoAACqqDbgBqa64TW0RhqDjU4TgjWh2rH2WOAE,DISTANCE_2,laetitia-haye-bb487017b
ACoAAB7nQbEBJQcu6DkEGCo3DQLevZZ7nV78l7E,DISTANCE_2,jean-paul-aoun-895775125
ACoAACDrSQgBMDPcfhAQwXkkEdidtw5jFXr11wo,DISTANCE_2,christan-virgil-boutchom-720b64134
ACoAACUfVo4B6jwXVtxTXfcIpvhQ73aso6YpHhU,DISTANCE_2,antoine-legros-a926b2154
ACoAABw74u4BKJavC7CIjINc1MTT6KV79OD-gJ4,DISTANCE_2,lucie-brandon-352778112
ACoAAARH05cBGlPe8qiB7HFyeuY2WqvH5bTIlp0,DISTANCE_2,hussein-el-bolbol
ACoAABbTIlYBacjouQWvEviNucSXDhm_SDC36wg,DISTANCE_2,anaïs-papaty-★-novencia
ACoAAC2ecpwBfb49kHYKsEyJVBUo8sh3IvCFKg8,DISTANCE_2,nathalie-ly-b38397194
ACoAAB5RRAYByO6aWERKHlolB3PSK4UBnshSvDo,DISTANCE_2,sharon-miroir
ACoAACHLyO4BU-Da3u0gU9djj-XV6tSruHMDc-4,DISTANCE_2,nader-younan-b52a7a139
ACoAACTs4CYB9z9Saa5EvvzzyTMqABg0SNLxe5s,DISTANCE_2,tarek-el-hachem-086579153
ACoAAAlQmFABWhhpiXZjdeO5Ogb-vFBsQKHurAQ,DISTANCE_2,marion-le-corre-b8040544
ACoAABaeSZ0Bv4Ii1_WD3S_rUVtm9_OCCHE2lvo,DISTANCE_2,chanael-maduray-025102a7
ACoAAAUNKFoBPDrODxGybUVvs0KXbbNjU0JbxrE,DISTANCE_2,hiba-g-mhanna-24a47024
ACoAACGgFsYBqOg_29vyUfJ1HrhiGbMVlONeY1o,DISTANCE_2,khadija-rochdi-8b2b19138
ACoAABIpWNUBjE1ru4QLDRD7ss5GhWMcJE2vxKg,DISTANCE_2,benoît-piante-95906286
ACoAAAda3aEBzS6vYnLGUosuzzg718V8PsFuFf0,DISTANCE_2,luc-nguyen-5153a935
ACoAAA1Ruq4BxI-9VX-GHrBamhJO9C-xEsBzyr4,DISTANCE_2,benoitjf
ACoAABHKaH8BS79OuVijgBjcd7Lf7-7BPoTBfes,DISTANCE_2,alizée-l-ecolier-193b6283
ACoAABDeqX0BTQx7Gic249Y6LyIdVANXWVQdvGI,DISTANCE_2,julie-roumillac
ACoAACRiIOsBiBo4QiQw10e_YWGUhUf1aJR0HjY,DISTANCE_2,karl-watwat
ACoAACElBtwBKeVOt796xwOBpK29cdKGX3kpqPQ,DISTANCE_2,belkacem-zehani
ACoAAAPaHGsB2Nr3yWeqESKOfrGBLGcRkksqtKw,DISTANCE_2,nicolas-leclère-20b78719
ACoAACwja6cBzrS7BC8rpEUKtvpf_b6qzr_altM,DISTANCE_2,benjamin-lassaulx
ACoAACsO9dQBGppwDASV-s0w1nJVdYPBMEo_b2Y,DISTANCE_2,william-germain
ACoAABxo2JUB80DqhgJg4CvCvapfLA4mrbf7VRU,DISTANCE_2,najd-ben-hassouna-505759113
ACoAACUiLikB2mR8MG0wVKo9I2fkzXy5NFkWeuA,DISTANCE_2,arthur-gerbe-835782154
ACoAAA2fh6EBdbO996VFM_ujtx1gnuNpUIx2SiM,DISTANCE_2,fadirazzouk
ACoAACFbku4B-aRjyF5G2YwXrHBwnJ5Yg5UpMOY,DISTANCE_2,daisy-moukarzel
ACoAABNKeMoBDCYvnnY1389zL0PvS4uizCp7N9o,DISTANCE_2,astrid-soler-14a48090
ACoAADgybiUBgkMbf22H_dEjZGHYEgBROnrQD3U,DISTANCE_2,marie-barnier-831902223
ACoAAB_mHbcBXFJA8bkk6i53Wjj7hPp7qyMihUI,DISTANCE_2,solène-zaragoza
ACoAACu_AdoBta9tFze3OnCQtG4eW6KN4f2ioXU,DISTANCE_2,ralphboujaoudeh
ACoAACmQzYABABH1v2ZwCrv5BnsOFt_J1h-opzY,DISTANCE_2,louis-grenthe
ACoAACD1Y9cBkKllmEsq_oeL5LDFxkewuKvkjFw,DISTANCE_2,abdelhakim-ait-bella-9b3223135
ACoAAADchEQBahdiK8mZj3rBGsInMqwm83WzkNk,DISTANCE_2,stephanie-cassin-370a0b4
ACoAACia4FgBS7dF-fdBzun5FdwAXInYL3qqaEw,DISTANCE_2,hortense-duboit
ACoAABz10GoBbYg9fJXXYgWNIjTZMBn6Nz3QFbA,DISTANCE_2,narjis-bennouna-922873116
ACoAAD3aMQEBu6Ea-9FgAxh3Kh6WTuMfPE8GO7E,DISTANCE_2,raphaël-huant-45563a24b
ACoAAA1CWTIBXdqQqQYH7RAeTEUah5x49235-DU,DISTANCE_2,isis-fradet
ACoAAC82FTwBazpCQUBosVurDKxpZuGWa2sBPcU,DISTANCE_2,salma-guennoun-a7831b1a1
ACoAAA02lM8Bq55UKb4rAScb0C0U8m2Pm922dnE,DISTANCE_2,violette-lépicier-63b2a762
ACoAABO0FIoBLVep6gSqumTOvphKhLYCQaG_Qp8,DISTANCE_2,stephanetagni
ACoAAC2l8Q0BiqYIyJhv7DlVR9tiKaZTHujBUmY,DISTANCE_2,er-tze-siang-glen
ACoAACNCG-QB5RE2PJDZSgkIqUilR8dF-A-zNTs,DISTANCE_2,mathilde-kieffer-65812b146
ACoAAACSP3wB_217KFNK1IXAL6MNDmRlwDmvD5I,DISTANCE_2,nicolas-namias-7102623
ACoAAAcgj2sBNXJqciL5W1nURE3FN7wEMq8z9_4,DISTANCE_2,damien-moczulski-17706634
ACoAABUcTCABJvtBrEStJM3Q82k8Smdy0V-mT5k,DISTANCE_2,olivier-medec-b947429a
ACoAADXJMK8BaI35urPnrRA6c6MrcX_4vH5faXw,DISTANCE_2,steven-neves-353255212
ACoAACJGJ6YBIrwGWfHf6Hc8NhR7Ai2UR-wJYtw,DISTANCE_2,ali-yanes
ACoAAA2cVzcB63cTrSwMfVtofrdMOp6SoJNPgLU,DISTANCE_2,clémence-tran-van-nhieu-a1b58264
ACoAACZOdbQB8RfnpshnQNcdZrTAvx5Oas6pXyM,DISTANCE_2,anne-gleize-pons-09829315b
ACoAABj6SzcBv3_m-AKoetqvKoaELKmwNZG1AZM,DISTANCE_2,jonathan-messas-61b411b8
ACoAAABaTlsBDcz1cemJg__gZ9UUk2EIQJlEnr8,DISTANCE_2,antoinegrimaud
ACoAADidjLYBB8cweQUGFJ6rcT6BYqyf6Dkmpww,DISTANCE_2,cécile-benune-35a129226
ACoAACfSC3IBBoSt8HMUl6BpoyFJ31g2q2lhxjA,DISTANCE_2,vincent-lequin
ACoAADT1H2kBJ7Yq-LlXIbbZF7RMsBMQw_LqaaA,DISTANCE_2,cindy-barbot-521672209
ACoAAAKajA0BRTMvD05K_QxP083ThzTosvRaOV4,DISTANCE_2,heleneroty
ACoAACW0IGUBT6zdrR4Ca3rqMeMdUJd3OveZw_0,DISTANCE_2,karl-garrido
ACoAAAA7UGMBAqOOdSD5x80ftFVBsG8Nx2sZTEE,DISTANCE_2,florencereal
ACoAACFDoP0BTWA90zMRx51sgTrvmd6s1TYRQe4,DISTANCE_2,alexis-gallery-de-la-tremblaye-139a97136
ACoAABw2zHQBBV3E8WH_b20r-TqXI9Lf0WAJUwU,DISTANCE_2,victor-donsimoni-3b0637112
ACoAAAvYSTgBHpw1DUyRt2yseyghRH9pQlzCuAs,DISTANCE_2,ismael-cisse-30867656
ACoAADNDbQIBTPREGIK_Qs2rJLfNJ0wO1FzyJf0,DISTANCE_2,mina-cybermaker-0aa046200
ACoAABZS7jwB2iEIxITV7CIZK_nMU7HztkODZrc,DISTANCE_2,alice-de-roux
ACoAACqrqxQBto1lb0zj0b4SL0DjNXbQyV4C12E,DISTANCE_2,fanny-rohart-29890217b
ACoAABnvxTMBIWhtUocCQSsrxGQEXn0F1zb3_cs,DISTANCE_2,luc-rémont
ACoAAAlQYmwBw7iBvmJws44dw3zXduM79YhbW3w,DISTANCE_2,yoann-lanners-ba43b944
ACoAAAaoHfwBM14pcKrS8oz73YMrSSnEa2RPg7o,DISTANCE_2,pierrefayad
ACoAAA5HDzEB8aP99otf7WRRj5JPO7KkRVbbLss,DISTANCE_2,chaima-radjabou-61527968
ACoAADgt5r4BDn2KELAwiUDcoQT2V1hCH8OOzIE,DISTANCE_2,arianne-grignon-b1279a223
ACoAACekzlABs32jXkxXmHTM_nBJnpR3jnCsPDE,DISTANCE_2,martin-dautelle-a408b2166
ACoAABnHDgUBYfSoYV7k9Iu0VXHNvr5_mPTgriw,DISTANCE_2,christophe-toullec-319a03100
ACoAAAW_fmMBJqY5ZOMsmbp3krUFaRMhI32qtto,DISTANCE_2,violaine-moraillon-91736728
ACoAACnE__wBmLtWe7WTrRv0mC2qU-N-NSKFaOM,DISTANCE_2,celine-hajjar
ACoAAApczfEB6sildMteNyBOOFEKqB6fbvkkhTE,DISTANCE_2,jana-el-asmar
ACoAADRjssQBMy-k3rv5m5uBDvB9QpiWbVdQZN4,DISTANCE_2,hala-bouzidi-0b0437206
ACoAACl2z5oBo9jogKcfquxl8YVloTcFW5eoKOk,DISTANCE_2,michel-bechara
ACoAADDLsEYBiFRj58icIX51P877iOpWA27tYlE,DISTANCE_2,christopher-sassine-a321ba1aa
ACoAAChNToQBEEKmbPRtalyipQHrQpjvD52Itm0,DISTANCE_2,michel-kanaan
ACoAADOLGKIBeT6p5ZvPfMQ9c1y_sD-w3WenVyQ,DISTANCE_2,alexandre-caillet-2aa730201
ACoAACeBE7gBAAAe70pF2hro7_cgHal5sYLDMJk,DISTANCE_2,pamela-roukoz
ACoAAChcmNcBiaguq7isoILiwpMmA4FdpwDrEDs,DISTANCE_2,mohamed-ali-elbouri
ACoAABq8t5wBz5UrC3T_XdeVI3ac4w1NB4O6zVs,DISTANCE_2,maroun-antoun-2a4288106
ACoAAC8vNtwBZfqITvki839IzjFxW4d3ZtaMDjA,DISTANCE_2,nicolas-azar-4781431a1
ACoAACFwK-4BNDjk7SS5T8PiD2A78wZWFpLIub0,DISTANCE_2,karim-faour-526a64137
ACoAACtoP2sBCmwz1o_t6tBFdCaYSsOS-3H-LAo,DISTANCE_2,lamia-lamrani-34ba82183
ACoAABrTAg0BTYaCK4EuEmkiEJc0echx5jdNf0I,DISTANCE_2,charly-semaan
ACoAACsIgR4BzbSAoECqz6yvE1CqGn1Gl2M7KGg,DISTANCE_2,hilaire-nguebou-166957181
ACoAAB_QdCUBHZEunCTUESub30P_XE0-TiB3O4Q,DISTANCE_2,maria-mokbel-b4590512a
ACoAAC6gZ9gBUNJDQPr5BYM3tGMcDW3Rps0wLqA,DISTANCE_2,makhtar-dia-2a0b8b199
ACoAACqM77oBOy1UDOLGL13B634P8zn2i-Q5Xqg,DISTANCE_2,aymane-el-garrai
ACoAACvQKaoBqVy_e6wRdq67GBuKpCTfINQxcTc,DISTANCE_2,anthonytrad
ACoAACRRpJ8BiS0Irufl0YvPrE5w8Jqzj9M6bos,DISTANCE_2,rafeh-samad-87b091150
ACoAACb7LGwBy9UzVQAkuj5KSCurUZhSTrqFzlA,DISTANCE_2,jean-shawi-490031163
ACoAAC2PS2cBRwdjNQJxlhSTNF7FpWj8nhTLelM,DISTANCE_2,anthonyassaf13
ACoAAClH2bwBcwJl6hqSsxTx0FeZ_Q5yoGpyxDc,DISTANCE_2,thibault-roche-
ACoAACk-MsAB5C945y8uQUX_BdyuiGoz9KqnaKQ,DISTANCE_2,jade-elh
ACoAACXxzxIBvcvvuSniG8JhhZQJU_jyQQvzpzs,DISTANCE_2,patrick-massaad
ACoAACNNGoMBT2lngZQL9tSR0K6KfdrXU7B9hTw,DISTANCE_2,celine-yazigi
ACoAAC2oLzkBtZ_Qwftnpk59SOh0hwC8Ecjojs0,DISTANCE_2,bassem-salloum-275645194
ACoAACn79mgBLAIfzi__QUwdyR5W8AxU3JzWsY4,DISTANCE_2,sahar-boussoukaya-520a8a177
ACoAAClhSpYBd3jc0pNuvu8KwGUjBlajaWyQWvc,DISTANCE_2,côme-thomas-472600174
ACoAADDlQMIB86dJZIH_GwpKkSybNuB1qHX5TMg,DISTANCE_2,charles-farhat
ACoAAAAdrq0Bycujt-fVBHXOoHIKk_7W95qtJVM,DISTANCE_2,carole-amado-891799
ACoAAB45ETUB4AS-_TZcz9n0wy6Dh-A4U7q1z4g,DISTANCE_2,sarah-kassar-53198b121
ACoAAC3fH3ABAdoqDdpGiAXgbCZZ6hyJNyhVrPk,DISTANCE_2,fatma-barhoumi-9808a0195
ACoAACk1su0BpVRANBVhk3spOy5lRGSIe6684zE,DISTANCE_2,rawadbassil
ACoAADLCnrIBg2qZsajPeuCkunMxlVZv9g6eZpM,DISTANCE_2,vanessa-toumieh-baa2541b9
ACoAABg5oPoBE04_QIZuHLpTpdRmOWlkaSSNxdQ,DISTANCE_2,wissamantoun
ACoAACYOod4BLLRE7s0t8kkP-COCjwQo7NH4yFA,DISTANCE_2,sarah-levy-4269b6159
ACoAACezcIwBF7ixQDATUdgl9v5ZR7G_MAU-D84,DISTANCE_2,eliokhater
ACoAAC68JHQBSP-n0vOP1iXqvUtnayPptxLfY8w,DISTANCE_2,hugo-queinnec
ACoAABqq3McB0jcgS9MURuUGDa__OUfyqBazYKI,DISTANCE_2,rmoraphael
ACoAACBR6zkBPw2Jp6t56VE85b2tojd78JBLTvE,DISTANCE_2,carla-farhat
ACoAAAE4QskBUUG4tDv9--89siEUeXT9fR4Mwck,DISTANCE_2,harish-nagarajan-949a2a6
ACoAACRcJOgBmQLa66jni4M8tZmLnbupZRQPkDE,DISTANCE_2,nicolas-abou-fayssal-ba0363150
ACoAAC271gwBg7TiBA7jlIcGv12JQJ97b6k1P-8,DISTANCE_2,bechir-mettali
ACoAAC7podkBcenU_ayjuBBrlKiepfycqm2RnK4,DISTANCE_2,alexandre-sanson-50970419b
ACoAACp6wwMBa6JKNs3wOb75CBoIVIM2_9m7cyY,DISTANCE_2,adam-haytoumi-4ab81717a
ACoAACCu6BIBNSGgLCi3sbkY4W-71sGY00Bf-BE,DISTANCE_2,simon-adda
ACoAABUYIDUBG8gPUbEdAQ9stGspGdPOBarw4A4,DISTANCE_2,mohana-boustani
ACoAAB0Jp2IBi6L3vqdtGUcLGYkIVoud-KhlG3M,DISTANCE_2,a-moalla
ACoAABx8DKwBKEiZy81xE1GVWYK_tmHt4buCBXo,DISTANCE_2,nayelygarciaespinosa
ACoAACmzIOQB6CuizmuTwn5bug78rXWq44NeTY8,DISTANCE_2,maroun-said
ACoAACXrqaIBqR8WzvowFP3ZRJ68Mp9f9L5tE1c,DISTANCE_2,lise-vansteenkiste
ACoAACilEWkBtl0rdZ8QOyHqOxI5I3C8OrceeNM,DISTANCE_2,antoine-bedex-a09451170
ACoAABaETLsB04ICtYPd_lJKrN-e_t8hA7TIpxQ,DISTANCE_2,rita-daccache
ACoAAA8rTicBYvHoNiZt49Za222ddHNcXEl5J1M,DISTANCE_2,melissa-el-hayek
ACoAACXMHncBIVKJ7ypQNkzWbnmOmE8MEXj3i-o,DISTANCE_2,asmasehli
ACoAACtxGMQBfxGHfViI53yrTffuT45JfVmir4w,DISTANCE_2,souhail-chraibi-a84101184
ACoAADI1TFEBMfs6G1n4ZHx1tGO6Sa4tMqcPdzA,DISTANCE_2,gary-gelfged-2951291b6
ACoAAAqUsMkBEChagOq98Hk4ximEik5ONEsAOmg,DISTANCE_2,mzouita
ACoAAC_HbWEBLp1-7vsoD9debtBSisZ3ui4ZWK0,DISTANCE_2,dilan-kaya-2555541a4
ACoAACVdfW0B9lg-5NvnSBVFSbI5znKR_Tead38,DISTANCE_2,clémence-valay-091b38155
ACoAAB6QS4EBkWZg7VonsDONvfna71h3NirS0go,DISTANCE_2,fayçal-diouane-769887123
ACoAAB71U6IBgBNVTXXQqQ-eh3wyqA2IQNtO4SM,DISTANCE_2,farid-karam-42ab3b125
ACoAADL_lBsBwBV78KhtDo_mxqPurVeNQCkt78w,DISTANCE_2,laetitia-rached
ACoAACiQiKIBeaOlCyoU13JBZNfyU7tGz6tGeMI,DISTANCE_2,zadconstantine
ACoAADS8P1oB7XuXweSxPGTcptt84-UEbXpPGCo,DISTANCE_2,ali-mustapha-476375208
ACoAABloDo0BcVzOZn9eztMlSt0lx89Yh4_kLYg,DISTANCE_2,ghassen-ben-hmidene-465900ba
ACoAACIm1KMBMw3LaR_mt10qrhIazukabG7JMPg,DISTANCE_2,nicolas-cadet92
ACoAABqT0wsBs9QY0R6UDcSW5ZnOFfX8_gvwAbE,DISTANCE_2,kelly-ogougbe-40b3b5105
ACoAACjFevoBs-xqydlD2vIjFEEyS9CWcY1Vwf8,DISTANCE_2,julie-barral-2307
ACoAACT0BO0B0bJuC67LOtX96zI1JVKj7NbeQOc,DISTANCE_2,dana-abdel-samad-ba5763153
ACoAACjjlZIBeGqtBg3reRprlVJviyJrKbbLgfs,DISTANCE_2,louis-duret-9aa8a8171
ACoAAC2teDoBk_zjd-8kAXigPp7O5SMc3fhufEY,DISTANCE_2,amine-el-bouhdidi-7b6791194
ACoAABHacYQBReVB2xa-ViF3qbRozfHq1uoF5YI,DISTANCE_2,stan-soulignac-thomas
ACoAACpVOK0Bd-BthTsZr0KJbHGS3cZxogjzFBA,DISTANCE_2,zakaria-jelti
ACoAACeJatcBH_XpZCj4OKDQBM-k6JSEylC_qq4,DISTANCE_2,sara-azhari
ACoAACUPWvMBVz5ZvxK4_rlEuXdmOotKf9H__uA,DISTANCE_2,cédric-ursulet-897288154
ACoAABjEFBUB7Edbo5ATuXcYJg1fuO2wUek6l4M,DISTANCE_2,yves-armand-kouami-419199b7
ACoAACglDMABeBK-DqlatujlEblpI5PQuNOwIrY,DISTANCE_2,victoire-bastid
ACoAACSSfKQB8obxk_xFQuBXjs_fOVD8eE9LlU8,DISTANCE_2,samirhazzouri
ACoAAC1M-9MBgHpH_q_iQ_pRZ4bzJ2pes9QtAFU,DISTANCE_2,s-peyrade
ACoAAAmUga8BRMuxshGls9FoJ4b7Roz8wnKogsc,DISTANCE_2,perrine-prevosteau
ACoAACToGIMBnSAeGyLj0Yoa5PNofcsMhJajToY,DISTANCE_2,basile-caparros
ACoAACU4XroBK2hHFlOgz652kzle7vaU73KROKA,DISTANCE_2,karimkhoury1
ACoAAAxGppkBKyfVAxgpxLmWoR7vEUbWltED2Kw,DISTANCE_2,naim-el-chami
ACoAADbXHTMBwDe7S1Kku3400zv5ZjVetC7MbLY,DISTANCE_2,tia-hatem-497166218
ACoAADMVpnQB-2fK9Tg0xw-8EGOKpyPkSG9TTW8,DISTANCE_2,chloé-bon-bb00391bb
ACoAACcfWpgBcJtGSEw0WhgZFe7hg0mqEBVm4Dk,DISTANCE_2,judith-elkhoury
ACoAADBLRbQBFnjJ_AnacVh6blpToi_J5OJFh14,DISTANCE_2,elsa-loutfy-6704201a7
ACoAADC1eC0BUwIf-DKcqlbZz9TJeQRw1QjFvf0,DISTANCE_2,gaspard-de-fommervault
ACoAADIqrnAB66t8qXKcS9ZDrh9rhVp2B3oRzoE,DISTANCE_2,florian-celton
ACoAABclxpUBNeyvZrlR7Ntxj4DjG2OYQEVBKEo,DISTANCE_2,sabrina-rebrab-645084aa
ACoAADDnc5YBijTSeyJa6vuVa8f2TeEuTNGzXq0,DISTANCE_2,lisa-lloret
ACoAACoI7a8BWhYJSL7ItDEkE0X8QP9FLOSfUGs,DISTANCE_2,ralph-syriani
ACoAACzmDvMBI57sPeQmnotEcpqJ9uzteslu5fQ,DISTANCE_2,marie-gabrielle-monpierre-98332a190
ACoAACBCbbQB3vGZrSiu2z8N2_zbl4VKAXgkBWY,DISTANCE_2,boutros-ghanem
ACoAADAy_tMBBEUeGM7W6tkDgk9DmtGCAydduwc,DISTANCE_2,arthur-quelquejay-leclere
ACoAACX46wwBKV88H-Fjxf04X-hQ33J9DxXCTCM,DISTANCE_2,omar-derfoufi-9a442a159
ACoAAAAtof8BIYaIy3Gop3L6JAU9nBreyFmqtFs,DISTANCE_2,hervé-grandjean-7bb0021
ACoAACmANPwBLyQ_O39XIUtbpJti-_ZcS8FSK-A,DISTANCE_2,taoufikaghris
ACoAABlXrbcBIB6xHE33JWEvUCmtOTeAwV9Hjsc,DISTANCE_2,clémencejacquelin
ACoAABb3jxwBBsa43usDK0Zn_sOWKbTF6lsJfKY,DISTANCE_2,agathe-collinet-878063a9
ACoAACs4eW4BbQ9CWulw5GluCnukThhWUpxHvtk,DISTANCE_2,benismail-othman
ACoAACRRAwsBMKMUbKOYY-5MAe-BB8r5Lz-0_ho,DISTANCE_2,julemery
ACoAABMuB2MBxMber5cPvOMMX03gswYKUQdD7y4,DISTANCE_2,déborah-chuberre-4839218b
ACoAAAruz0oBPOGAjFTIDJgcaocFmTrJ9K-xCm0,DISTANCE_2,zineb-skalli-54a51751
ACoAABrHExABNzrbVa4HkwUMOZnfMx1MMpJdyuI,DISTANCE_2,léo-vottero-068555106
ACoAABy6a_IBwn8FHlyKVc0T00pA6QwqLKyrNe8,DISTANCE_2,yanick-héjoaka
ACoAACByh1EBUgTjX7pFvXwo3z5lm_MRz91T-LQ,DISTANCE_2,mikaelchaaya
ACoAAApOtEkBa93hM7dTx3M2nyZkh3Z9G4025BA,DISTANCE_2,myriam-el-kosseifi-375ab749
ACoAAA_yzpsBgzgD8EhA6XTUOZL8S3prO2ksDQ4,DISTANCE_2,judithcuevas26
ACoAAAFi6qABA6nJjva2B9DufT1wtRtBNl5lvEU,DISTANCE_2,isabelle-rey-fabret-phd-6549587
ACoAAAg6AtMBHlyCUp54yOx4la4mkKjOvvqBEPA,DISTANCE_2,yannrivron
ACoAAA9Bl-sBd2crfwRjMFN90bcnI0QEeDFx0mM,DISTANCE_2,hugo-dessaint-2b787771
ACoAADiu7BIBeWvBgQdzEL-RNzI0ngnwGp5Pqlg,DISTANCE_2,antoine-yam-1aa598226
ACoAAA8cklkBEkagm9rjj5DxIjUwbC7Duq7ZDZg,DISTANCE_2,halima-el-garche-1b5aa770
ACoAADsigwYB8ELWVmsmP7cHbgeWde23JuYiwDc,DISTANCE_2,julien-gadonneix-0b2312238
ACoAACfe_O8BEIP-D6hjXnFTeiN_jnO957nZHoU,DISTANCE_2,charlotte-legrand-57b031168
ACoAAC1mWycB4n6NCmKXcNZ55DwKbNBq9Zu6qkI,DISTANCE_2,mehdi-lachgar-747104193
ACoAACWUCW0B-ia__zKd2mHXdDSa5mOwhiy-pKk,DISTANCE_2,christine-lin-979180157
ACoAAAk9KBgBVYarFoX0PC7RGgX64hVtLqhxaR0,DISTANCE_2,fatima-cherik-908ab043
ACoAABmGmkwBun1oACtuIw5Uo1MzKbMzTRmM3qA,DISTANCE_2,nancy-matundu-kiowa
ACoAABZf7B0BpxhhXMl4J89lrd2wDmeODNAyYJQ,DISTANCE_2,ghita-kassara-911870a5
ACoAABhq9tkBcOmHeYf_-gf8eHIC26e2W3Vd3QI,DISTANCE_2,sebastien-pocheau-intrinsec
ACoAACe1gzoBBQXyawyH51Qa37qSCOqqJTVDwTE,DISTANCE_2,maria-nassar
ACoAABvhOt4ByUivllbePerVTDLlb2jjsnrnkSw,DISTANCE_2,nelly-lucas
ACoAACKRsEUBoSEbeem8h05Ws0nvLG5p1G1R8ns,DISTANCE_2,sam-lozinguez-771294142
ACoAAB1uXj8BgQ933PBgacrW5z0Irqe9PCTVzhY,DISTANCE_2,mehdi-belakhdhar-a7b443119
ACoAAChwpVQB45_ERjJXKGShEfO0UrfeKUBA408,DISTANCE_2,yara-alhourany-81827516b
ACoAACBQYh4Bi4cwwQCkZ0qvb6V6Jxd4QVDB3bQ,DISTANCE_2,iliana-vincenti-966689131
ACoAABx3mdYBz1EJ0cnk7hn0oCi1nddc2HImmow,DISTANCE_2,bachar-senno-01ab45113
ACoAAAN46m4BdIcg81ojd8VekeQR6UCSxbYkSPs,DISTANCE_2,isabelle-cota
ACoAADUM0YoBvza0yBLHBW069okDJFAehK78PUY,DISTANCE_2,robin-dellormes-14a0a120a
ACoAABlJbCgBWaFvLejWmEAyU1kVjhM4goEgP48,DISTANCE_2,marine-nicolleau-6600b2ba
ACoAAAmK7hoBY9LHnjrgxvTqDcmm66wzY3K5fdo,DISTANCE_2,ludovic-bechara
ACoAADMB12gBtNI1GDbEJjsySwfkEiRLZIO7CQQ,DISTANCE_2,safa-idrani-8887121ba
ACoAAB_NnKIB8boHAOOu49yo8Is13-HC9EYqMsk,DISTANCE_2,sébastien-corradini-20283612a
ACoAACjEwTEBoIPwBB00HGkepRA3s-PwX0ogsb0,DISTANCE_2,zakariae-moutchou-701093171
ACoAABF8YtQBEgE0RezXVD4dEnma4v0RAS56y7w,DISTANCE_2,marwan-el-hachem-1042b782
ACoAACA54o0BsFBUIKqiusiQ-R7zVT7lDqUf8Y4,DISTANCE_2,leonrouille
ACoAAB-9CrYB-xNZuEI2ApZPXYaLsQ3PDrsySTY,DISTANCE_2,hanae-kharbachi-chalhe
ACoAAAukz-cB9ZOk-kuOXMXPOW5gdLdpcE2mBd0,DISTANCE_2,aleksandra-petrova-08750a55
ACoAAA1VihMBOw3YeDlGiOirx2cjc6nH3OfRpXQ,DISTANCE_2,raphaelbuton
ACoAAB4rE48B69_0KYWKu4SES1NAO2oIJA1neD8,DISTANCE_2,mathildeblanchat
ACoAACZMLecBeI3Bf5iodPW2EiXgG8e1nX9Xng8,DISTANCE_2,laura-asmar-6b322015b
ACoAACYQIJYBr5mgbPbq7w-SFivXJcXnf2KWTFs,DISTANCE_2,nina-bonnier
ACoAABayyTQBjHfe0UEFyv2PI-Etd2UytVoScJQ,DISTANCE_2,elsatayar
ACoAACKSyFYB7a2DGTL8gOa49QRMmv8GFZvcvww,DISTANCE_2,marie-caroline-auzèmery-15a30a142
ACoAABKW5LYB1TiL3N6Pa-nWnLocRV5vuVljTPA,DISTANCE_2,soukainaserghini
ACoAACjzNsgBTHcxr_AvWYPDHpNdyA9cD0mgarA,DISTANCE_2,meimona-k-720101172
ACoAACMlkygBv3C9ByGrZd4tNHjrhQFkkSAvhTA,DISTANCE_2,laëtitia-gilbert-434589145
ACoAABfjAAQBOKc9f6q6n3q2na-eqJLnEBXX3H4,DISTANCE_2,nicolas-robert-058265b2
ACoAABY3U14BMKdOJZTvZK41LSCVDKZuhMxcJlQ,DISTANCE_2,samantha-youssef-1129a9a4
ACoAABhN4doBMlZgCckEZlSkIGZHkLptuM2_me8,DISTANCE_2,joseph-matta-78a682b4
ACoAACLh_e4BQSdt9dIYIRNi5FpnJZfu8D1EbSM,DISTANCE_2,samuel-benarosch-266bb2143
ACoAACXKv5sBPZC7bR7QiRxbTOU1TZkIzhhk8Ag,DISTANCE_2,victor-deneuville-96340b158
ACoAAB8zYK4BpA3GPLQy-SAKiwQ3LPzEOsRSJbA,DISTANCE_2,kmar-benjmaa-83a380127
ACoAACnfUj0Bgzgvs-_-Pf4ywUHU-FBGGZR9Jg4,DISTANCE_2,sofia-aliat-225324177
ACoAACeVbUIBkzJ4oHGjrBQMRFsx6zIMxy0R14I,DISTANCE_2,sophie-de-gavriloff
ACoAAAAhcMoBn3BrS5Dp0lpCGEgq4td89ek5DEg,DISTANCE_2,romain-garagnon-322898
ACoAAC6mzRsB6njuqkhxzPJQE93bNvgtcfAidgw,DISTANCE_2,sophia-guessous-96315119a
ACoAAB1Jp0YBAzVf2VTfOw5dvKiTHK_AY6uJDgA,DISTANCE_2,stéphanie-ferreira-546683118
ACoAABPxe4YBrbwMDbYwZbQr2fz_Gh4hLxqBg0s,DISTANCE_2,carlchaibane
ACoAADnZ888Bf-u3WDxSTbVC-HwsZWah95U3sHI,DISTANCE_2,alyssa-mimi-1a7069231
ACoAACUKW_YBIv1ghWzWutgIVBNpqNKY9Owiaoc,DISTANCE_2,anne-marie-thomas
ACoAACrLeewB4OgQf6mf6CzyvT-P7lS2R5K07zE,DISTANCE_2,sélène-martins-6b8548180
ACoAABVsUawBakbkZsHcy7r8v8CxEjBFDqNwRwk,DISTANCE_2,mehdi-soumer-frm-a64451a0
ACoAACSSQigBZfX92H3poKqh5u_d-xcpoig0jL4,DISTANCE_2,mathilde-delavigne-3a0594151
ACoAADENNPkBBmHN_MAw3RWaMHzQL5a0LRkWX_c,DISTANCE_2,marie-bardy-84972b1ab
ACoAAASXD8IBLjXXxqezSCCfTMcPrI6uMv4j1M4,DISTANCE_2,garryauroy
ACoAABEi-V8BbKXjJJzynHAsB_n8a581I1rR5ss,DISTANCE_2,maïté-guémard-07b35080
ACoAACKScLYB-avx84yZ_iP8zJMEc4v_bI2ojLc,DISTANCE_2,marie-lavarda-1862b9142
ACoAAAD81QMBtI6KUsYnr5CsZJAw2sQDYg8qny8,DISTANCE_2,florian-lacoste-a836705
ACoAABK7pr0BPXC4BiiEG-V-_yG5uMw_Q1Aco9E,DISTANCE_2,charlotte-devigili-62530789
ACoAAAGgYWIBSv8-mIhRJy5ho3xQP6DBV_yky8I,DISTANCE_2,measson-yvan-74217b9
ACoAAALpk5MBDI-qxYbjtUMY2zo6dhzpBeRzLgE,DISTANCE_2,floriane-piotto-81744414
ACoAADvB6nsBOW5fHIq9ws68NvpcsfGGYVL9cgg,DISTANCE_2,elia-el-khoury
ACoAAB_9L60BwNn4j0IBWhnAR9g0VrPsRXIkD1A,DISTANCE_2,nathalie-nassar-57989a12b
ACoAADp5juQBgjUMe6dH0OGHmOpmXX8WUnUjVhI,DISTANCE_2,valentine-locatelli-430672234
ACoAAB05icoB55suvCyM8ot9bKCeGx3EVP0heYQ,DISTANCE_2,sophie-launay-322254118
ACoAAB_JsOQB4kwAWLlETFPeLc-GSG8JuyrNff0,DISTANCE_2,mélanie-cellier
ACoAABJhELoBHExlwZtjyoaMQk_mEMJqiC-W_xU,DISTANCE_2,basile-hayez-b6232387
ACoAABxXQNEBbjOvgF-eYtJgQuwthJZTJ4G1tx8,DISTANCE_2,amélie-catelin-2412a2113
ACoAABGCcKUBdCdRTMlBsmDrkykYFTRnvwyoOFM,DISTANCE_2,claire-james-83146882
ACoAAAeYEesBcmdG-M3C64ooSjoElCvA8clAmtQ,DISTANCE_2,lusis75
ACoAACmPblUBhi7_75UHOeVViAULpuhk0MnCXV0,DISTANCE_2,ghada-soussi
ACoAAB03WIAB7EHOsUjcNcbK45j_k14twMJO-QU,DISTANCE_2,aurelien-novelli-1401a5118
ACoAABeTNckBssoYMtLzG6uFQWa6bMEzDRd9TA0,DISTANCE_2,hortense-levard
ACoAACoGmQwB7SxerkMtHydEw3UvnAd6vQufGZg,DISTANCE_2,paul-chereault-950165178
ACoAABZSwaYBUH05zibfwXaDUo3ifd9e_iNdkw0,DISTANCE_2,noémie-cintrat-51a515a5
ACoAABcerioBp-MinEeEEAMxhb80KGuthHQNW6Y,DISTANCE_2,rachel-migeon
ACoAADny1KYB3CjnHCTPdr05Fkw58bzw9jdW8H8,DISTANCE_2,florian-dey-832714231
ACoAADkFeOMBUThRUi7Ox5duu0LGRPzTwWhCGkk,DISTANCE_2,eve-varenne-797472228
ACoAACGYYPQB-ZetHIytMdasu-DjI5_HF1Bc3aI,DISTANCE_2,yakhara-w-3b0915138
ACoAADGeXdMB4RLHgc7rAIhY-Y8LDrt8agIpQTs,DISTANCE_2,elhadj-ibrahim-n-0179591b2
ACoAADGbAFQBiTy2SGNWKD8N-mVdXmnW6wzN1Bg,DISTANCE_2,natasha-kowlessar-4708711b2
ACoAACQ7ygQBFc3YCsxm30gH_7-VDlATEafQt_I,DISTANCE_2,joe-karam1
ACoAACTnKQ0BHysEITc44Q1476zYVPDKvC3H2uE,DISTANCE_2,mlitre
ACoAADdUcz0B8HeXuAIy3z320x6Bs7_bbHYIFZ4,DISTANCE_2,rita-mounayer-a79a6721a
ACoAABqLT3IBszLUqJk-VREs5oLUG0hZKJI16SU,DISTANCE_2,dylan-sweidy
ACoAAATv_owBN7pXhjE2V5kqp904PD7IO5DjhX4,DISTANCE_2,sandra-el-khoury-1a48aa23
ACoAACsfTOkBZVqCB2Jd49j1CcgUGWRaL32-lDE,DISTANCE_2,k-rustom
ACoAAAsJM3oB5roQCRbg5f7w-Pm0kgIDmYUz4sQ,DISTANCE_2,yaraeh
ACoAAC6ST7kB0HDrXBUY6-O-M_QkDlHFsBSNTvk,DISTANCE_2,vanessa-chahwan
ACoAACTfgr4Brxh3t32zKpF5FL3n50WC89Ko95M,DISTANCE_2,yara-elhajj
ACoAACHfAXsBE-sHY0kE3lh-F_o0Vos0GQcvcaw,DISTANCE_2,joseph-el-hachem
ACoAACd1HWYBDb8h4SORfceU9u3FtWORUV1eMJs,DISTANCE_2,charbelsakr
ACoAADgQmOQBdoHenJm-Xt4D-GhIj1KTEEIR1ZY,DISTANCE_2,anna-v-658013223
ACoAAC7Quf8BtliiJ-R4PnloD0cbN6kuputq9Hs,DISTANCE_2,jowy-bou-mansour
ACoAACG48mgBq_RvGmCGqxUiiX4rMCT-5IaObN0,DISTANCE_2,frida-houaiss-atallah-608584139
ACoAACZDil4BBPIuOuOsSDlNRIMUvGjThclFSCs,DISTANCE_2,anthony-mouchantaf
ACoAACl06_ABfyUfgEnGt79srSZ2a6cckBknaJM,DISTANCE_2,christelle-thoumi-a68b20174
ACoAADMuHhwBYmaU54f_tCI-4u4oDUtEzQjjLsM,DISTANCE_2,mohammed-el-asri-b386911bb
ACoAADPu4igBzzjQep_IswwDGxUeCNsjrNCaKDc,DISTANCE_2,candice-fournier-920964203
ACoAACYgYRYBzsOsLtJsohxwJuB8-UOg-F_8B6s,DISTANCE_2,joseph-abi-karam
ACoAACuhnaoB675ThNFEpiOGF351UbUqpNCWClQ,DISTANCE_2,carelle-al-haddad
ACoAABqETwEBS_uoJ90STKLUvWDHknX96rRyZn4,DISTANCE_2,lama-el-tannir-a81ba4104
ACoAACZjA-sBbO3asYTkmjIXwzwtaVU-VDF5KdI,DISTANCE_2,elie-salameh
ACoAABNWxzMBWZpVpltRRH5Bia1-uCDmEP25NUw,DISTANCE_2,hussein-alhajj-a177aa90
ACoAAC79hTABCFgwGG6pcj_RpSXsQrc7_vcv4N8,DISTANCE_2,raphael-adda
ACoAAC2UYEwBQi2clsQNkTxjlPLkGt3bSyBGY5E,DISTANCE_2,mariem-el-majdoubi-b78119194
ACoAACl069IBOT7nv7xVhKi500AmF7KLVL63USI,DISTANCE_2,karen-elkhoury
ACoAACW4vvIBZU-leXnviFGHyyUKDwPG2ZqI1TM,DISTANCE_2,nour-chaccour
ACoAADK3YYsBBwmcvaF3vAv0RKdnb-40BGZORJE,DISTANCE_2,clément-gloux
ACoAADGkXfMBk3Zq0EVnP4kt8SdYLGKWZ00k5Fo,DISTANCE_2,anthony-el-khouri-703b081b2
ACoAADADWKoB5UyXNeBGlqkg4-nukVLf1fH17mo,DISTANCE_2,mahmoud-amri-8369281a5
ACoAABynICoBfuoaTmhW2MlN_J3Z-R9c2D1P3Hc,DISTANCE_2,imane-bellout-522ba7114
ACoAABUD_ocB7ftBs7b0JbmSVhm5yTlfBBji6IQ,DISTANCE_2,dpcprince
ACoAADLGUacB_B_u6kQhytYb--nBxKR-yKD2SuY,DISTANCE_2,jean-morell
ACoAACEnQtQBrfIdDmkf5Is8ZhMTW0WThXTm4cg,DISTANCE_2,victor-larrezet
ACoAADUXiR0BJdDJH8DfynCgumNVcW34WNkVdjw,DISTANCE_2,christabelleelzeinaty
ACoAACj0ORIBtImAMksl8Bqg6spV6CFtW1ait0c,DISTANCE_2,bertrand-paturel
ACoAACKZ7qUBSbG_2Yj7MTFIgNpUwVdC-AJpUbk,DISTANCE_2,ali-el-hadi-nassar
ACoAAC2oHqkBFHE9tgAahJDKwhh5j72Iw3rixYc,DISTANCE_2,jean-huan-trochon
ACoAACxXeHcBeVYWZPBGMKXE7gifoZJ9wrPaslo,DISTANCE_2,diane-ghaziri-047183189
ACoAACPHJFoB5Csg8-RAlj-iCDBrd0hhn15HxsI,DISTANCE_2,youssef-b-b36034149
ACoAAB5FpcgB18Ab9cRDEj-c900xPeI2lHdKu9Y,DISTANCE_2,sarah-elguidj-688108122
ACoAACk_KO0BVCEKz9CtXZM9xfV5sSOMnT7yyUE,DISTANCE_2,martin-baufumé-ab9901173
ACoAACd1QtsBSJL6JqGxA08B1XxAhuUcgP4d6to,DISTANCE_2,dima-el-hariri-82384b165
ACoAACumXAgBQlNVtNjGlSeI4lKU1FFruJ9zNoQ,DISTANCE_2,fadi-el-bejjani
ACoAADbzDlkBPhZE09ezopLhGRwBAO708wlSzbo,DISTANCE_2,messy-allechi-1618aa218
ACoAACWRo18BqNlbQI2DJFMuwNKbGty2YSAEM0E,DISTANCE_2,lourdès-abou-tayeh-9bb105157
ACoAACj0CUoBrVrP1QPDchGdjTv3uKw7RlBiofM,DISTANCE_2,elie-howayek
ACoAAB4b0KUB3lM1rBBa3YmMxV9rjVr0wuzjiVk,DISTANCE_2,bechara-bechara
ACoAACX0LoIBTwAnzDgPFk3tIz49aibfx3Jc32Y,DISTANCE_2,rita-al-bachalany
ACoAACY9sGQBKwnwDok9NxtrfdQeaO9ibiSPxUI,DISTANCE_2,corentinleclerc
ACoAAA_ewJkBYPjT-OsKlV6GbesZFxqpO3i8Fw4,DISTANCE_2,lara-mardini-78920375
ACoAADCp2jUBQcR2D9BNhHQE3IP0rOlcP_bj7vA,DISTANCE_2,laetitia-maarri-70550b1a9
ACoAAAhxQuEBGVe2_3rVVRLfgspEzn7RwKN4u_4,DISTANCE_2,nicolas-benning
ACoAAAyygD0BUGDsw0UpFHz2iDN1uO8AsNGUGwI,DISTANCE_2,shreyas-srinivasan
ACoAADKYV6QBdxH8KClT0-G0fRI4JoiA2EIKxXE,DISTANCE_2,kiria-filleul
ACoAACx0GRMBuUukal6ijruX6lCSryC8Jc-FzUk,DISTANCE_2,théo-tembou-nzudie
ACoAABSCcT0Bm3iVED1Xp6Vb3eML-Ki9RWeYkaE,DISTANCE_2,fernand-goncalves-a7929b97
ACoAADMdfgYBvBBBwguIru2QxvLOHywzwV_rcfU,DISTANCE_2,el-hajj-rodolphe
ACoAACayrloBlo1wsBr2WMgXl5tPFaWr8VMUayg,DISTANCE_2,elisa-finot-076520161
ACoAABT2yk0BYSE45WwazVFawWSwAAKEzQPx2uA,DISTANCE_2,stephanerebecca
ACoAABYIytwB9MqamCCc-FGB29bwFFIa9WvZQeI,DISTANCE_2,hajar-el-khiar-338978a3
ACoAAC2vPH8BMf9oajWkx-N57LiY0EqQljZn28Y,DISTANCE_2,djouhainabenaggoun
ACoAADNwHd8BRgBvpjVrEnHrSHI2MNKJSo7ThG4,DISTANCE_2,dima-ayyash-027019201
ACoAAAkQJzYBrrZmeY3WCf6n7CzOrZsushRczKs,DISTANCE_2,marina-coupe-b5ab0942
ACoAABvFQogB-PeIhm_hwb3SG8yfZBqsh8B6xvo,DISTANCE_2,florent-denoel-320049110
ACoAADaQrXsBiT7aMnFrzbr6fZqBvkcNAIJvmd0,DISTANCE_2,erwan-glasziou
ACoAAC6w6v8BAncgNLLkIIaXKJfPbcYcBc2HX2M,DISTANCE_2,florianbernot
ACoAAClNACABmxoYrqI21DystrlHq7pRPYs0KMc,DISTANCE_2,kossay-yehia-a0007a174
ACoAADHLn_kB9-aIRJoaYTJBtecx2ILzSdXEV28,DISTANCE_2,carine-bikai-5899491b3
ACoAADLcc8oBwmpzYUk8JZ3CblzsAn0gdOeUqdE,DISTANCE_2,victor-dhedin
ACoAACl2_KgBzmwkjCr-ouihfU9SZsEl1kMecPw,DISTANCE_2,assala-trabelsi-260b87174
ACoAADK08eEBFGHMQWY8vHD8mJs3O5CSF9wNWGE,DISTANCE_2,paul-louis-broxer
ACoAACBvtYYBS8MYI9ZxInNYKKX6q4jqi6bdI0I,DISTANCE_2,ghita-aqtid-a322b9132
ACoAADk_hHoBdh7zC02SPvytI_zaERg3ZN88JY4,DISTANCE_2,yann-bilien-0a27a8229
ACoAAB2W4SkBLZxlhZlyerqkD9HsWmMx68ir7mM,DISTANCE_2,marc-chammas-3a130411a
ACoAADjdfsUBOxk-LN9KTpdUNIfZ-CaKblZ4_Eg,DISTANCE_2,xiangyi-chen-59960a227
ACoAAB5RtfABg_NDPsgKnLpZtDAe_lstktFmFgA,DISTANCE_2,hafedh-haouala
ACoAACRor0oBm1xx1xy6L0CZm7M5va1CdUotr0U,DISTANCE_2,oumaima-azoukani-72269b150
ACoAACujOIYBRwGEpMyCEMds30-QbC3kIPqA83U,DISTANCE_2,antoine-hazebrouck-a86226185
ACoAAB-rFqYBZ2YJpCk5X_58OI1VauStK6bzfi8,DISTANCE_2,sophie-becart
ACoAABO7XSsBVEMvQ6sYwOIyG0_9ABOPWrEyzFA,DISTANCE_2,romain-zaouali-7a3a4992
ACoAACA3REABUpnEF2AdsRuKqMOCatmTF8qVOOo,DISTANCE_2,lilian-lu-280015131
ACoAACvbXnQB9pJE8yKIcDpagRc--gLD-k4WbGk,DISTANCE_2,irina-farmer-444500186
ACoAABt7egIBlCK1KaWwKbBodeqURRjuJhT5oc8,DISTANCE_2,lorenzo-colombo-b6a4b610a
ACoAAA0RvwEBER5DaN056kvEOZmdSAhfwunnSW8,DISTANCE_2,awa-n-dao-62952261
ACoAACS5gvQBFtKDcQilLg_O4JY9tiKrXv3FQlE,DISTANCE_2,charlessoyer
ACoAADXTrS0BSH2zW8k3STRx46pnPx4ILp0ERqI,DISTANCE_2,zainabbouayad
ACoAACBDlmMBgglw_BsJtTR14HCOZdzMPbjXdxs,DISTANCE_2,danielle-asfar-603344131
ACoAACA53m8BJ7zLnKieITrUq7Dh6kwzacixbUY,DISTANCE_2,yara-sakr
ACoAACJNd-cBL91KtHot3ArnD0oFV3hbZXe72ps,DISTANCE_2,sarah-hanifi-39b899140
ACoAABdroAIBanMg-prSPbL2Nidx9OkpxezFj9Q,DISTANCE_2,selim-gomri
ACoAABq8eycBTH_cgVG1osLX8ozIlfI-4mjBdYc,DISTANCE_2,elie-azzi-34727b106
ACoAABpnRLEBF-SQWqreQrXXu3NBUJAFiDFhN_4,DISTANCE_2,die-astou-dioume-615427104
ACoAAClHtTEBppSPKqxVfR_JRAoVza_NzzevdVo,DISTANCE_2,lamiaa-el-guendouz-129b32173
ACoAAAG1x20BT4R3P4hJI893_S7OqcTlA8fIntg,DISTANCE_2,frédéric-de-jenlis-2117379
ACoAAAJNlpsBlSaqSXHgA9C7XR6VySWFl6_nS-w,DISTANCE_2,jmatheron
ACoAADJ--c4BWcNB32pVR_XW1NLHfUk43A2Z8zg,DISTANCE_2,mikael-tshipamba-63a8771b7
ACoAAAOau0MBInmRZyJRZen74wVXOZQiSLvxn7w,DISTANCE_2,shogher-koundakdjian
ACoAAC0DGVsBkw2c88BCpgPg54hNv-EiRAuCo7s,DISTANCE_2,matheo-vergnolle
ACoAACp9fDMBqR_aaG4GBFAmx4QFWDBZoE6uCPk,DISTANCE_2,clement-gonnaud
ACoAADB9tKwBRVDeS_BzUeAX3C9nH0vNFUYTDPs,DISTANCE_2,corentinpla
ACoAADftFqMBE5BC-Lwu2jTutXNpa5JnH0re41g,DISTANCE_2,anthony-mauger-a03290222
ACoAABaHrokB0revHbDTlk6KMRjYmu8Pxww1SPs,DISTANCE_2,salima-z-809708a6
ACoAAAVZ2CEBYq16Kq0OfwFwjBqm3h7IWVK8u88,DISTANCE_2,fatmaimalilechelafi
ACoAACUn6Y0Bn34T3mReYXqPq8HbeklRv_TZEiM,DISTANCE_2,julien-welterlin-0b9924154
ACoAACUB0v4BjDtsXO2p0NLOgDd6sFAGElGLEmg,DISTANCE_2,ray-al-asmar-67ab1b153
ACoAABxSAm8B4BDF4VcxoHodwacAdDwjKgkrA_k,DISTANCE_2,corentin-le-garo-3a7157113
ACoAAC-vxagB405fHeewGRBMc8TjlH27wbyCLD0,DISTANCE_2,dário-adolfo-carvalho-088b271a3
ACoAAC9r-GYBXc-C51piJzB7e5astCtws75T4l8,DISTANCE_2,norma-douaihy
ACoAABGAP78BNj5ipoiaeFnvwzmtELwCKmFul_o,DISTANCE_2,eliesalameh1
ACoAACwpnoABDRc6lw9sA5ZCVdhBUOOU_fW1wDw,DISTANCE_2,magomed-chamilev
ACoAAC0dly0BmaqXgFFfX1Y5gb73Eh3vCH8NT4w,DISTANCE_2,charlotte-dewèvre-ab95a4191
ACoAAC3hMr0BO6Zk6OTqa_RgBXZWQJ0vENOUZoY,DISTANCE_2,nicolas-dubost-625947195
ACoAABI9FyEB677cpF1MnReBMIdbHMVhEnuzE1w,DISTANCE_2,iris-vinson
ACoAAAOcZwoB_I_xl1sz_R_vQOvAxGCa0JrMrS4,DISTANCE_2,baccarmohamedamine
ACoAADLCq90BTNtaztfc-dImcTJIlghTnB1GTxk,DISTANCE_2,clémence-attia
ACoAADcY5jsBz2ClLr0sIY1NGMi5JvuZB-WGvFw,DISTANCE_2,chloé-drack-44b6a5219
ACoAAAXeGRABt20dvmhHWtL0jGgSQx2B543lLCE,DISTANCE_2,jean-philippe-rocher-554b7428
ACoAAA8f58MBubGfAS7UMjxXYRjaBdxM8yDBu20,DISTANCE_2,amine-chert-717b9170
ACoAACh5Nj8B6UyrjSLMLkhpdQtXOcQHt6Yo39s,DISTANCE_2,khaledmoalla
ACoAAB9_naEByjyEqskc5MPbjS-hxZUz15mu6YI,DISTANCE_2,raymond-zaloum
ACoAAAX7-BoB0WJ2g61d1V8g9lrNEy8V7td-GjE,DISTANCE_2,jeanmoukarzel
ACoAACUhZVQBeoKmbawzFNq7XR4_MW5BPag4s1E,DISTANCE_2,baptiste-pannier-b30758154
ACoAAASSylQBhLvVzScVZYiYNdyrPC1rVnmRFJw,DISTANCE_2,anne-chamarande-38484321
ACoAABvFsTwBxbANStlDYuTBh5k5XmS57Sx_Mck,DISTANCE_2,rosy-el-irani-7b8061110
ACoAADEIoPYBCrnY-C4PzzeiWVlX8_fCQPty6BA,DISTANCE_2,elsa-keirouz-09a6061ab
ACoAAAF7i8IBV9vF_YeddGsTiyG2fT6JRO6B6d8,DISTANCE_2,georges-gourbeillon
ACoAAB3y9eMByYjvcMEXyCRaDuRaKD7gACGaMpI,DISTANCE_2,geoffroy-mellini
ACoAAA4OSj4BfTZdfBC5Sf3PL-Prz_2wMe7TtFQ,DISTANCE_2,mohamad-fleifel
ACoAAA2el0MB4Xk6L2F4OwuY29vU3LyZAAt2gic,DISTANCE_2,ferhat-bouchefra-22b63464
ACoAABTeesMBk_9w16NrELyuU0fv3LgVLCnHr8k,DISTANCE_2,elodie-bedeau-59730a99
ACoAADhsHfwBo1gERD7yveTF4Spj0EgoVXMZNio,DISTANCE_2,raymond-hovan-624026225
ACoAABapFOYB41IUenkUpRgwjLjwh-75MUwx_C8,DISTANCE_2,augustin-falanga
ACoAAA8I9xYBc-nleO3vl4jia1JaxmTE7AFirlA,DISTANCE_2,hui-jin-69a58770
ACoAACKJYlQBhxrwldehkPXdANiRK3Kd4-6eEu8,DISTANCE_2,lary-karam-818071142
ACoAAAvQk78Bch1LdV5niKCBMMrxw2PJ7Q6pw2I,DISTANCE_2,nazih-daoud
ACoAAAHNM3cBRNrPSxmktMhAHmBXODn2BXNeoZE,DISTANCE_2,matthieu-craissac-587157a
ACoAACpV05kBm3XgXIKBtV-aKxFHCKxbaFgd_Gc,DISTANCE_2,yacine-ferchouche-735a4a179
ACoAABKZXk8BAHgQDh8dvZd0JrtorVVQ6RyBTXI,DISTANCE_2,anas-el-belghiti
ACoAADHwl4cBhCo24y85Ks5p2Q8JaONW9XLOqY4,DISTANCE_2,kaleo-goumas
ACoAABm2wnMBzgiwy3qBVRe1VwIHy1vExnfkA_o,DISTANCE_2,romain-saigot-303589100
ACoAABG44S4BL4Zq-X1Kv5n9IhxWkJdpCo0usZQ,DISTANCE_2,adrien-fresko-43a6a983
ACoAABtkzIgBP0q6oisDy9Kb0QHKAAuByINABSs,DISTANCE_2,dan-elbaz-a88aba109
ACoAACesmagBRgPe9uLFBzFyclydOQuHKQuoRIo,DISTANCE_2,mouad-lazrak-574aba166
ACoAAC8j-XcBrTXrb3_-MBFhTIeMCJe2HXxhG98,DISTANCE_2,arsene-mathieu
ACoAADC3aIUBRH5zjnouokoeO3iQ987jrwhi3rY,DISTANCE_2,anne-charlotte-byas-perry-8598791a9
ACoAABoJB6oBNuRKhSiRMqieFasGXJJf-Jk901c,DISTANCE_2,delphine-miclot
ACoAABjkWkgBJ3TYlJwm5FCg3eg4bmklKrMVzqI,DISTANCE_2,sarah-forge-460a39b7
ACoAAAtCrDoBNL4qysCbz9i_IIOzNrNz16nLjKo,DISTANCE_2,laurapochebonne
ACoAACDXFQMBoEjLSfrzhMZuCh13RHClDqUs84U,DISTANCE_2,emma-coquant-457626134
ACoAABL9fZcBbPvqnqOFnyCwpEkQLIIAzaYMM2g,DISTANCE_2,lilianeyendja
ACoAACRSLWoBuoxYgi8UQb0gNGMa0a9fOv97jYc,DISTANCE_2,omar-souhail
ACoAAAWa0EoBUtj1aTAY9JJbQ9f922htuGfEhP0,DISTANCE_2,carole-el-ramy-7765a827
ACoAAAAW5KgBx4QulCrAUh3OBYGgmYnXRvyHCuE,DISTANCE_2,mohamed-turki-product-management-murex
ACoAADi6VcwBkwBD3xepKIaUXm7v__sDN8ok-zQ,DISTANCE_2,walid-dahou-010899226
ACoAABkKLBoB40qIWrVbjNr6nY_GbOxv_1jxB60,DISTANCE_2,ilias-hmani-876833b8
ACoAABfDHpABE6i8D3K2g-yaPc9QVvniORsNTWc,DISTANCE_2,lilia-aidoud
ACoAAAZeLNMBzB5wyM5AFeKBxWWGo2aDxdyqenw,DISTANCE_2,fouziya-limam
ACoAABadm-EB0dfjdr1i5NrZrVa6aulHxRO380o,DISTANCE_2,sabrinadehbal
ACoAABDsb0EBLukiN1oTsSp8JpBY00S3gU69mvg,DISTANCE_2,ugo-baquian-7151077b
ACoAADNjHzsBQGtZ_EEv-H390mQrNfTCNJpVEO4,DISTANCE_2,rana-abbass
ACoAACW5LBYBHc2iQvpnZMcXGrUglZ3Mo-FFeVE,DISTANCE_2,yasmine-boumedian-246b55157
ACoAAB6IzKQBX2Ab0ajCxUfcDHk2yDPpaHH2au0,DISTANCE_2,solene-renault
ACoAAAYXzioBzcV9Kxyb7mcF_7dSXvY0zYBib6I,DISTANCE_2,léa-maslard-08a2992a
ACoAABkiJ8gB5aj8UmHiuh9N5VUZCBhEduqaa1Q,DISTANCE_2,johanne-fournier-374271b9
ACoAADhg9ZMBNy6E1vw_3WgCftJN1LsisYVI5o8,DISTANCE_2,hanane-b-417933224
ACoAADfumncBCYgQ-OQjihqomJnqw-yl6RvjuEk,DISTANCE_2,inès-gombault-35b31a222
ACoAAA_PQC4BSD1XV_uB8OigcvISK6Tubs5zqy4,DISTANCE_2,isabelle-coustal
ACoAAAQ50KEBpKjXOegRIZ276zUQb8WHLYVShHI,DISTANCE_2,julien-albaranes-a018b01b
ACoAACgRMHQBGPJWfjDqoH-BHpBDp0WQOeM1bVY,DISTANCE_2,guymrad
ACoAACBvnrEBVGOjSk-d538XrtoIyepZXvYRSBs,DISTANCE_2,besma-khal-5812b6132
ACoAAB9ebnQBaOjNisvoUFuKTt15e3SZwfX3lgE,DISTANCE_2,hippolyte-de-viviés
ACoAAAcUsp4BPCvZrwRaXhdaUnj5veacUY4aK2I,DISTANCE_2,claire-lepel-cointet-2a695033
ACoAADgN0pwBcK-UpLA89R-aV0pExKxt_GqBAxo,DISTANCE_2,lovely-zinga-390b46222
ACoAACRqAIMBHnlIQmiMo2-16j3e6FXoy5hG9PM,DISTANCE_2,alizarine-payet-683721150
ACoAAAz5YsQBA0lptICU5iU2Ee4-LSkHR3tKong,DISTANCE_2,louise-faure-770a9260
ACoAABnQgvQBqdQMcgqoKQitd2cQCzuZAs5OYyg,DISTANCE_2,maxenceblauwart
ACoAAAInJyABpFurg2C4vnrLtQT4icazZbTwxO4,DISTANCE_2,bernard-gadelle-b9411a10
ACoAACZ-5pABfRzZ1SL4DWErdZYMGmRoZvpqSiQ,DISTANCE_2,ghada-selmi-294364160
ACoAABoIV1cBkNBy7dtlxfXJaUKR29wG4GmYm0c,DISTANCE_2,riadh-tahri-387327102
ACoAADxPPZABC9T0cD5NltixOVaRjiUM5wUoSxM,DISTANCE_2,sébastien-vorms-5a8a37242
ACoAABYeXf0BXJqDU09JfT036wsWzsj6qWVO93s,DISTANCE_2,david-chen-62533aa4
ACoAAB8tW3oB_ZlrNq_7ziCXQhUPllb91HEeBCU,DISTANCE_2,dmitry-pastukhov-44a210127
ACoAADUZ01EBCLJX3xRdhYXqBpXex16E-2KklJg,DISTANCE_2,bertrand-dupuy-50143220a
ACoAAAgQSTcBhD-X5THPA87Jqf6qf-CDoAw6PPM,DISTANCE_2,eric-valat
ACoAABeb-ogBQZ0gDlpFyEQwPXvqKMV_ywa2tCw,DISTANCE_2,juliettegahagnon
ACoAADICwBsBn3aTjChsmQGetqggp9TAibFi7rE,DISTANCE_2,yannick-steinberg-1b7bb01b4
ACoAADsD6RcBuxXyQ1ZmX7yrihWUnrJYPazst7U,DISTANCE_2,pauline-germain-5b3705237
ACoAADT29eoBmun7BrjvrJBSCFgaQfxKCgaX484,DISTANCE_2,aymeric-delamare-176710209
ACoAADQN8ncBgGw3Lju4UqlaLbiJ6ES4EM_Qbk4,DISTANCE_2,sylia-elmaouhab-a73586204
ACoAADKtJlgBE9Kdw9-sT2zfa8UjJoA8Q6JsUHY,DISTANCE_2,aline-diloune-8748961b8
ACoAAAGTwzsBDubBDqx0rJK2LPCV0o3425C9WnI,DISTANCE_2,laetitia-dupeyrat-0a3a418
ACoAAC7d3I4BWmBlRSIoAAZPb-7xITwgT9g2nas,DISTANCE_2,sébastien-hue-0123b219b
ACoAADshAaUB5oTEHRo_mOY4oz9AhNeXjUCRUpQ,DISTANCE_2,amani-green-links-b99284238
ACoAAC3WqVkBhm7YuIbMa0z9jpAUW6m4maqpj38,DISTANCE_2,simon-bonnaud-aa1673195
ACoAADx8Nv0Bb-kgz_xdDkb0yGrnPtDcQJMogmM,DISTANCE_2,ludivine-debus-225a19243
ACoAACXkMEwB99mVJAy_InyODNL9KbuOUi7kqA4,DISTANCE_2,cherif-kanaan
ACoAADF2A7UB-vm1mT8MI0k3yQkfO84g5MeH7zA,DISTANCE_2,yoldoz-tabei-759aa21b1
ACoAACI5zyMBlJoOxcEIibA2SKm0RuwxsB-37K0,DISTANCE_2,akourim
ACoAACT1HMMBMdl2Ua5Qqgg9XcQfaAkPcu88YEs,DISTANCE_2,aicha-boujandar-543799153
ACoAACr1bGcBaP6skQaEiTVWKUIV0nKR4FqDT5M,DISTANCE_2,mario-heneiné
ACoAACn5218B4j30G_4RQAf1Mx3_9Z3PygpLSFQ,DISTANCE_2,caleb-ovo-6a7a22177
ACoAACxehKoB2i7xSfe2pLrennxjF6KmIzRZYFQ,DISTANCE_2,carine-chamoun-3a2366189
ACoAABKWUO8BNiVjP-h6ReMSspAuNIG80u8YHnk,DISTANCE_2,bilal-addam-66752788
ACoAACZOWyABLeBZ8CX_9vsPiu96XObcyP5Xd6s,DISTANCE_2,abdokaraky
ACoAAClrFP4BN1W1X0WQSLrttADS-ulsm7daTGo,DISTANCE_2,noureddine-oulid-azouz
ACoAAC02EJ4B0nT6ijXC3tRI8lRESekgrs6YFCY,DISTANCE_2,karimhreda
ACoAACR96e0BHLSiwrcgnw4jfS97VSIAe3mlmts,DISTANCE_2,julienhatem
ACoAACNejKEBLsv7uLHilcp4dRKut3sOvVhl_T0,DISTANCE_2,xavier-berthou-20188a146
ACoAADQ5E-ABNPtDIGuqoWGQWQiWb8Nzla23NCA,DISTANCE_2,karen-abi-safi
ACoAABTdOisBwAEgyiqrzk0tG_q3DdciE22floo,DISTANCE_2,pierre-elisee-flory
ACoAACmQjN8BtSAkojANW06M56JxRRBsEM0WV5w,DISTANCE_2,jessica-leslie-wolounwo-megou-87b654175
ACoAABVrbmgB_LvrYZIxbQrMwTdfntb68Dbj9Hk,DISTANCE_2,oussama-berrouyne-260424a0
ACoAACuvn2wBJ_1Ht_jt5GnYt_qRGySQwDznvM8,DISTANCE_2,ons-kechaou
ACoAAClKdL0B3n4lEdJQ7H7A9w4TprHHNYVjfR4,DISTANCE_2,charbel-mansour
ACoAACF2QeoBS4dhHGVGFj6DEeRgVaWYpFBu1zA,DISTANCE_2,alice-haupais
ACoAABFsCUcBcz-XR-mMOHeb0WYSDT8xmz-oWTE,DISTANCE_2,majd-maktouf-007a7b81
ACoAAAvkuAgBRoH-hWWEPmBdAQi6SPL5nQBg2KY,DISTANCE_2,davy-simeu
ACoAACZkitQB2FsJ6pAwkjT9-qO2Vqn85q_6p2g,DISTANCE_2,valentin-gorce-69887015b
ACoAADJM-g0Bzy7XFpVnkKT_-f8aJ65ptjpzkVI,DISTANCE_2,yassir-farchi
ACoAADjwPf4Bd9m3R5sMxxpc4kMi6NcMOyaNoe4,DISTANCE_2,abdellatif-kadiri-592b01227
ACoAACs0wz4BSMfFrAPaR1ov18zn7fQ8vDM9kAo,DISTANCE_2,estelle-maria-haddad
ACoAAC23aBYBJwMn57v5Vst8nCaZRgq_VsGHhjc,DISTANCE_2,jeanne-brunard-646a46194
ACoAAB5akF4BPwkm8Fug-b2a_cU0rrKoz4S0qno,DISTANCE_2,aymanenohair
ACoAAB3B6qwBdrVCxrvTJATGHXtBfcfrzRJZkCE,DISTANCE_2,hussein-nasereddine-66424411b
ACoAADTtQfMBpSrXah7WZxYaNWdK61d33W2C9So,DISTANCE_2,arnault-verret-183464209
ACoAACiyg6MBXAyCIXwSqhlXxiWQOW_WgJaYFzU,DISTANCE_2,pia-du-bourguet
ACoAACgA7UEBDmJFC602TAz1DGCcKUcP4drcu_c,DISTANCE_2,saad-belmoudden-769924168
ACoAADbx-wEBuCqg_rK2uSfmPLCtnjdUk4JZ6lA,DISTANCE_2,florian-morel-401875218
ACoAABGSp2MB7IYOwbFKbvCUbXKV3LlgQudCt5w,DISTANCE_2,yasserrougui
ACoAABnKFhMBFbtqRSj5s-mjN8IGyIcnjj1HYxA,DISTANCE_2,abdel-bouchghl-297a9a100
ACoAAB5jidABwvISHi1PI4byeFvSwk1GBISGuk0,DISTANCE_2,jimmyelferekh
ACoAADYKOrcB8K5n5emUXWjRoQUFIWWaa3CQfpg,DISTANCE_2,chiarabalbusso
ACoAAAq80EgBWsCFxBzv1l6flK9ctj2vMPPIeDk,DISTANCE_2,maximz101
ACoAACyyr5EBjszHuDs_39WIQWO4c4yqiycw0K4,DISTANCE_2,ahmed-bouali-55518618b
ACoAAC2IM2oBFuxlE631zyyzR1dX2MDnIAMSgkI,DISTANCE_2,nicolas-thiphaine
ACoAADKxSRwBcwRgX_LOKQo2Yz4AGDJQ2FrppEg,DISTANCE_2,gendreau-corentin
ACoAACzUF6UBg3VXguZ2_fzfjHCXVUPpNKDmNng,DISTANCE_2,yorick-parant-519a6118b
ACoAAChiatEBr2nhhqMy5GMWqrGyKgDmozt5W-A,DISTANCE_2,arthur-metzger-069aa616a
ACoAADGw7FABpFTqgfPDq_jn5FuaCcdQiJ4VU3w,DISTANCE_2,saloua-benserhir
ACoAAC4VNtIB8RAY1ohs8S9lojFODxcX17goBq8,DISTANCE_2,theophile-ung
ACoAACiIpqoBLDldRwY4iaL2hPx4ezuxgDNIY88,DISTANCE_2,remi-tang
ACoAADj4T-YBaP3wcPgu4GR8OLLUQanNiWrYN38,DISTANCE_2,iaroslav-tominin-65a117228
ACoAAC5zld0BM8oQb6aWb7HlwIXnWgkV58QRtnM,DISTANCE_2,alain-abou-rached
ACoAADmWW50BWred2SHOpkaE8LslQ7Yte4IDkgc,DISTANCE_2,serena-khayef-6a569122b
ACoAAC4GaKIB-Tg5fawzATH5GfL8Sp-MsnScYkA,DISTANCE_2,axel-darmouni-916722196
ACoAABZVcT0BEzkNKOcZvWaivdBpPzKc1-rY9ik,DISTANCE_2,rhizlane-sbihi-36559ba5
ACoAADhCij0BYdozLLo35Cp1Gs8FjmX-fyZ-F4Q,DISTANCE_2,tatiana-khaled-7b9131224
ACoAABc-N34BzpKPOxt4OMl0UZe2P26a7rpzCH4,DISTANCE_2,arnaud-blanchard-592717aa
ACoAAAtUGhQBm-eoc4y70XTVUW6F4vFsnVnol8E,DISTANCE_2,victor-robert-faille-07079953
ACoAAA0vBiIBcr8Zu-18BdxMh8HDD-Ihmfl12y8,DISTANCE_2,djalila-b-aaa0a862
ACoAAB6MGjABMPNDW75HJlafUtTX_xchIjx0Eto,DISTANCE_2,raymondbraidy
ACoAADZpelkB2SH23bmkSxHTIXiQv0eRN9_8liA,DISTANCE_2,martin-poitrinal-421880215
ACoAAAfJHy0BwUgBKnRnxKq_jy6FNRVikqzjzq0,DISTANCE_2,elie-gael-chaccour
ACoAABq8njUBC4BBdArGpDNOOIG7GJrDP-P7yik,DISTANCE_2,marta-hajal
ACoAACuO1-UB4W1Y7t4GqcV5ERtQ0Qk4CEk2QHA,DISTANCE_2,issa-dia-0858a2184
ACoAAB9PV6wB9O6WRIBqaELjKmse4XLf6IS4jDM,DISTANCE_2,jad-makhlouf-350b05127
ACoAADRnKn4BBR5-HcfUeVLHTUzGUxmiURN_Gjw,DISTANCE_2,charlotte-kerdiles-712526206
ACoAADXk57kBtbTSRqpKdbyOwsPT89H1PpvNXzg,DISTANCE_2,maya-mouhamad-4a1990212
ACoAABIbDscBUTmqqTToU0JQhJg38O_e66uergM,DISTANCE_2,mahmoud-maziad-a3389085
ACoAAC4r7HMBxwXL6GcbC5JIDiT0wd2IVGmN0a8,DISTANCE_2,camille-benoit-66b509197
ACoAADLMvpIBcR1ahYaFuSTxubLyKHU-JRwy7TY,DISTANCE_2,marinesabatier
ACoAAC07A_cB0ChBpML1wqLFRwoeSQwUyvTCZwg,DISTANCE_2,kanza-yous-a73174192
ACoAAChMwxMBJmSR70xps6h2KPywJBnwqIJARXg,DISTANCE_2,yadh-hafsi-90352016a
ACoAAC-iN-cBQbFX0SeYW_JkSqsIMGwYNHaEQJQ,DISTANCE_2,anna-validzhanova
ACoAADiT1UcB_R2bdU8fqalm8xmrsJ8T-uz-_e4,DISTANCE_2,michelle-hraoui-947a80225
ACoAADGIHw8BYDl35vvbyHF0XNyrU2T9AlaaI6U,DISTANCE_2,yahya-achou-ouiy
ACoAAB2KgBIBg7wqKegTY3vvCMYBw7s_1FbItnQ,DISTANCE_2,clara-lecroisey
ACoAABWghZMBPn2t8mI3IBftoObYUFlAfvOJXcA,DISTANCE_2,danielle-roumieh
ACoAADAWSzYBiQDpYr6lwGrm4eYTbOyiPww45II,DISTANCE_2,mouad-el-haddad
ACoAAA1gjFQB_xeOpRXNKLq4pogvf8KCCDw3SIE,DISTANCE_2,mauriceketevi
ACoAABXqv_IBJXF5f2DE86x3KOCDp_Gxva7-cJs,DISTANCE_2,pierrebernat
ACoAACmeiBoBURfJaCu-2BRoFKdRRj22tIgTDn4,DISTANCE_2,louis-couturier-b8aa16175
ACoAAB90icIBBnDFvY62YovGJ6Y4PX9YwnVYpRo,DISTANCE_2,petrabouez
ACoAACBMCIYB3uhUPlP8JJS9kIpQvnTM16rsDMI,DISTANCE_2,swapna-sriranganadane-99a570131
ACoAABSNqEwBmoWM7rfBz0MqGHjVdunQ9yO5Kbg,DISTANCE_2,yazan-tohme
ACoAADK9HvgBfl3TgiUuVqaEgpGb_iOSpxpCsQs,DISTANCE_2,anna-garsuault-5341001b9
ACoAAAOm6YIBGpeVDEn51At2lu-1sb4HTCLk-_o,DISTANCE_2,benjaminvignier
ACoAAA-hLiIBZwZw33PYofIuvXbRGEb01AxXfJA,DISTANCE_2,tristanrenondin
ACoAACVQBHkBjFeNfA5vjMdxRIJsQYZr0VWfzW8,DISTANCE_2,côme-starke-135791155
ACoAAARgcfoB-Z7o2LFJ2pTJBgo98kOvNsTNSPE,DISTANCE_2,adrien-tenne-b0a71120
ACoAAC4UL1sB9mzx2HJjs17aIReRc9XzIsVCnus,DISTANCE_2,pierre-cortambert-2a3a99196
ACoAABTl7BABxjrJne2ZtkMogKI_qzMxxwagam8,DISTANCE_2,ali-el-harouchi-90050499
ACoAADG_KngBEcL90LwAaXw1ipLaSNnc6GiZxt8,DISTANCE_2,rémi-le-morvan-b606141b3
ACoAACb2TS0BxOoRsRXbRwc6gqc-Zg7Ndn0YF8U,DISTANCE_2,flavien-barbanson
ACoAADY7VxYBVhdLNAw_YKGEs_bL1rBRqcx6gJw,DISTANCE_2,christelle-carric-serodes-646862214
ACoAAA20-msB4HOgCKRzQiGrcRx6TSA3gpGerlo,DISTANCE_2,saliba-elie-2b702165
ACoAAAonRQ4BDfUSHZTgCTdv1Lwu7hYH5WGbgUQ,DISTANCE_2,oumaima-baira-86606b49
ACoAAAPU-A4BQrNFeypxtpjwHtwL_j9hci-zPm4,DISTANCE_2,aleksandra-cofala-1a664419
ACoAAA4CsKYBPmjTsd6SsrgxtCSbYbewyB2HtYk,DISTANCE_2,jeanmarsault
ACoAAB9ePooBSIre5zJQkzG97P1EtfHvtQi7SVY,DISTANCE_2,mbassil
ACoAACVwyC0Bpw2tsrwvtfPhae4A9PsNeebv4o4,DISTANCE_2,mounia-z-891447156
ACoAACoBmBwB-C2e2jpzLYE1z7K1ScUJ488Bn9I,DISTANCE_2,naoual-el-haddouchi-024028178
ACoAACZrn08BqmepEhkyPMnKtvbi1S3XgWZOiy0,DISTANCE_2,nadabou
ACoAACklzbIBOdM4bKaHHn_x5aTvqQ9FELlO30I,DISTANCE_2,maria-alicia-baida
ACoAAAddIRgBLc1VPDJYXyucBOmY0aaEJMWLQiM,DISTANCE_2,maxime-dupard-33445b35
ACoAADM87LgBDw82JfppAhdYIJcqPRSsOVRWIOE,DISTANCE_2,jeremie-lecoutre
ACoAADJOyQEBJwxCC_246OERq92omhL7qhbMsws,DISTANCE_2,camillabastianon
ACoAACPG4-QBw45zkmP69CNSN-tTb8lI7l8e0Bg,DISTANCE_2,maxime-parans-484027149
ACoAADN2QyEBMtii9WS9nYi6PYPqzLqdCb8Lex4,DISTANCE_2,gaétan-klopocki-115192201
ACoAACmCP7EBnaRNvsmZh2icV0QDXb4HQOImiOQ,DISTANCE_2,briber-amir
ACoAADWYWlMB0sIYHduoEfqxU0O1kBOpi7DKYCU,DISTANCE_2,samantha-laforge-haddad-103171211
ACoAACTgoOkBYd6480aKvFfbMUJW5QjRg2hygBk,DISTANCE_2,benjamin-zon-6b5250153
ACoAABPzn64BO4fOmSTzeQ3ifbDUoIQFMXInMeo,DISTANCE_2,ritamallah
ACoAACen5RcB8wLvKVpR-mbQTGT7_FqoBmHiYVc,DISTANCE_2,marcmouannes
ACoAADAdd8gBR8PpHBOqbl3bKd42mDMkZVHfsNc,DISTANCE_2,thibault-pasquier-4604131a6
ACoAACOS4oYB4zezNkjes3ulXnx4lbFAIjipd_o,DISTANCE_2,tristan-jedrzejewski-05aa63147
ACoAAA1H95MBDamZ_fyICqn7er1Ag-yue6BfAf4,DISTANCE_2,ghali-laraqui
ACoAABFF8WYBPipOSTro54TK10qHqc7kUmxi6Jw,DISTANCE_2,caroline-gonin-34607681
ACoAACD2P7MBarj5XoqF7w_hhyQP0oS89WkS53w,DISTANCE_2,xiao-xiang-liu-497250135
ACoAACv4ixUBCmAzgzx3NRlJaNQH5gy_YKG9jFA,DISTANCE_2,thomas-marteil
ACoAACyLc00BADpZ_W7kjQ_tKbc_aysC7bQ7-W4,DISTANCE_2,loubna-el-amine-4b934618a
ACoAAAqtarMB2AG1_zgMBEBvfwqH_Hsi0qWlYxk,DISTANCE_2,pierrenicolaspuyuelo
ACoAACXv6A0BhJefYuv2SMklaLIBEZ--vDULXTw,DISTANCE_2,kizzytuluka
ACoAACBHizUBL735A5xAyrolDIv-Wc43uNe57EY,DISTANCE_2,celia-k-67144a131
ACoAABoAtMIBP5W99YBmHYTyLHVaa-NJfca9r1A,DISTANCE_2,kamal-nassif-emlyon
ACoAABxJFRcBpBCmb9muofjdPFzhok2Qaa4r7ew,DISTANCE_2,thomasbedouet
ACoAABdIGi0Bba8XBRGYlq7HZmlcJXU3FFqNbHw,DISTANCE_2,johan-ferret-49198aaa
ACoAACAIaRoB2rQpJn2YvoPRN3QAhngXS7Qgzso,DISTANCE_2,selma-nemmaoui-1b6b9412b
ACoAABGk5EwB7CNbQ3DlH9pjka8FsB8gB5QNlqw,DISTANCE_2,hussein-farran-37817783
ACoAACC7Wm8BAe9jwCpJ6KgfadSLwJuB2urLtVA,DISTANCE_2,zakaria-ouzif-893aaa133
ACoAAAaKBHoB7HX7bNMQFwOKOyy2QYtfpgPcNeo,DISTANCE_2,carine-chorier-7b68a830
ACoAABRC-VsB2INyCGsde-6iNn0K-MKDpHDpZJg,DISTANCE_2,giscard-sop
ACoAAB79szgBfWLL1ia_-axl9L74siu5tSfKXdI,DISTANCE_2,amineelalj
ACoAACd1KToBtUqv9dFVFjNkvHIwx9zHcXVPaEo,DISTANCE_2,olivier-baverez
ACoAAApv0nYB3As_YhJ9VAqWUt_mbmzqZWMOmxE,DISTANCE_2,patrice-a-el-kamari
ACoAABWmdMYBw3k5XCNc66Zn96EftjQ2XL5gtSw,DISTANCE_2,laura-lam-94678aa1
ACoAACO3VyMBUZpGkC7ktPZq6Gvfr8owaJhMxIE,DISTANCE_2,rita-abou-samra-797815148
ACoAAB0rkpEBkjPunpdU2OY0fzWep-q-6_nv1AM,DISTANCE_2,hassane-hamarrass-729a92117
ACoAADVEJ-cB57i-KZkJ_oCG6K5Z6Fmo6_n7Mw4,DISTANCE_2,samrouquette
ACoAACtexu8BgfjwxlVkbUASztXSIUM20OFeJHM,DISTANCE_2,tala-nassif563
ACoAAB3l4y0BoNGGY-wNuAi62epFePTPOOD6J0E,DISTANCE_2,🦩-elsa-thiébaut-925ba011b
ACoAACfmGq8BCheRUD_xmjzx4gqSV4Oybzc-gWg,DISTANCE_2,marine-fosse-43b217168
ACoAAClllI4BXSXHL6yopY4MziPwS5Vn0NnNDSg,DISTANCE_2,matteo-contadini-066717174
ACoAACTNPuABmfU9LH97r-ro9TJclrVsNmGxGQc,DISTANCE_2,elie-matta-phd-568939152
ACoAAD3M5zIBVJtrG_yqFE5uhPERq5HdOALxRq8,DISTANCE_2,gaël-soret-49629a24b
ACoAABrhd1sBNQ3C2uJIQf11BRRgxTsNtfego2E,DISTANCE_2,plessisquentin
ACoAAAx82cwBfS1CcY6c-Ql4-xKHX3fC7Js7AMM,DISTANCE_2,jeremy-jawish
ACoAAA7IP8gBPt3XQwRMabNawLcCQFGJeU6IgLw,DISTANCE_2,léa-chaleroux
ACoAADYUfhIBLKYvNqloI-FmvXLNgAFEAZH3C1g,DISTANCE_2,thibault-mazette-242a35213
ACoAABsqpnsBTptIH7NBYrXJcG-hkbOmv8KApEk,DISTANCE_2,linda-bores-677781108
ACoAABOf4mIBqnRCmAZ-A5zuxKekuuH4lRlQnr4,DISTANCE_2,elisa-lopez-56a31b92
ACoAACkFSCEBcuLzpdBvJbJlQW-RT02BKuC9ws8,DISTANCE_2,camille-durost-a01592172
ACoAABTDs0IBkmG96TN3Lhs9QshVs8S6AEwR4ug,DISTANCE_2,ombeline-mazé-a2a80298
ACoAACOoCYoBNH8X2xNb1n2DCWZT59tSwLKII_0,DISTANCE_2,joelleh
ACoAAAA6HnMBeUwwZud5u93JnqSJlapCMDvg-AA,DISTANCE_2,philippe-francois-26b3381
ACoAACMoHvEBOawnU647ZhKuCgskLbML_eDqQyM,DISTANCE_2,asmae-nejjari-b01649145
ACoAACSUmXgB4tquCPDGGSNBxUEQS5twPsJV81Y,DISTANCE_2,céline-vincent-carrefour
ACoAABjVPG8BnGK--VaE8Bcrd9wCZKGxzz1fK0Y,DISTANCE_2,saniyamohapatra
ACoAAA4LjCkBEy-sn4aIVxQwrbfr_RTaMCSLiPA,DISTANCE_2,sebastien-gil1
ACoAABZ4AVsBJuV_HmuZ8n6AyRTS2MtH1FR0Qwo,DISTANCE_2,anne-marie-husser-1632b2a6
ACoAAAflULkB-cyOD_McEt-v6RqRZ7cQ_-q5-lY,DISTANCE_2,anne-becker-olins-30944438
ACoAAB6FuZgBUA85mssOTx31T3uc___TAGiSAwc,DISTANCE_2,stéphane-nacitas-9085b2123
ACoAACYWfV8B5ECQQd0b6_kCGGWjO2_vpBYvGa0,DISTANCE_2,floriane-drouglazet
ACoAAA4PNSsBWgXYfLxUJORDJV62KHFc3zQW_Jg,DISTANCE_2,sarra-bouzayane-34bbb366
ACoAAAhwIUoBVTQDG5BCZi9iad2ROD0EFREHuzs,DISTANCE_2,margauxbellier
ACoAACYGspMBjQph1IehZO0XS9KKZG3dRHP3Rbw,DISTANCE_2,adrienz
ACoAACFy8Q4BoNytNG5ayOKCaZ4lrLxKSKWQfNY,DISTANCE_2,marie-benoit-rh
ACoAAB5BsdoBX77X8vlmsSQ_1-BN6UwXIoshmlQ,DISTANCE_2,dorian-lesbre-78a002122
ACoAACGp65MBLrYqCk3-JSBa_qVsaiQ7Kna90rY,DISTANCE_2,lisa-palacios
ACoAABsGYFcBvgPtXTESrD8gRINhzEQnjF65E3A,DISTANCE_2,daina-zheng-9b3a15107
ACoAACBWbbMBj-SJCqg-oq3F6u9OtloSff53_S0,DISTANCE_2,lola-motteron-09783b131
ACoAADig4PEBIEy5DDatO-wKAicarquDVFv_7-A,DISTANCE_2,bronislav-kovac-669213226
ACoAABHYcAsBVz2r3qg5TsuADQ0wHsrvdfIEjko,DISTANCE_2,séverine-colas
ACoAAAERld8BA2X_KwsvMN84HlXl2sOjNEkp2U0,DISTANCE_2,jean-françois-fonfria-novencia
ACoAAB1DebEB-bzPcgWZ7g1B6YbuvEn_MJhOZiA,DISTANCE_2,victoire-huruguen
ACoAABlAMDABhvefv-kW-3d6IMTojDLen6R14m0,DISTANCE_2,karl-kamar-3a8a60b9
ACoAABfee7QB_eKv3Qt3wpz7kF6us1tPjtlkvng,DISTANCE_2,nawelle-moussi-898141b2
ACoAABz3u6gBwfWil7rUHozEQPN_JXbe6379VSw,DISTANCE_2,ryan-khennane-660914116
ACoAADrNvT4Bkjtxis3dRcTuWO2EMK2lrnz1BkU,DISTANCE_2,sandra-vidal-bba492236
ACoAACAqxfUBiiDYX4dWPLyp7pJTC6oqLRujOvs,DISTANCE_2,aymar-des-brosses
ACoAAAB3WbIB7vGqgq6vqKmFy_MNeXho4Hk1VcI,DISTANCE_2,guillaumevillondebenveniste
ACoAACgxuB4BY1a8NT1snzYZIJAvmiOv52toMeM,DISTANCE_2,ashleysantiago17
ACoAABD_phABLEJPsY_xVEJ2Ku7qWT1S_1xVRXo,DISTANCE_2,marjorie-dubois-3806147b
ACoAABt59IUB_fW0aMIxHWraR4-N2pxpmI8IExE,DISTANCE_2,théo-campet-31946910a
ACoAAC95dQwB-oSfd88dobx70W537L-5tMC1Ny8,DISTANCE_2,mariam-telly
ACoAAB2NbOoBro4SkACrK6Gn1UwA1p5Y0LYYVbs,DISTANCE_2,marie-de-andrade-92206511a
ACoAAAAN6gkBjoNBBtt2sxf4LUvxTIND07qs2Es,DISTANCE_2,alekrafi
ACoAACIiJN0BZOIbwASpCplvWaA066qI7NhTACA,DISTANCE_2,francesco-joualeu-25194a13b
ACoAACcufW8BKpqaq7oMBPOLXxxPJFwQ753L600,DISTANCE_2,yasmina-wahbi
ACoAAAJw0_0BYzk9urF3ewLrnOSsZYXspwF11NA,DISTANCE_2,soizic-serrec-22586911
ACoAABYnD5AB-0GsO5bSCMnqWwzrEcDSAid5msg,DISTANCE_2,cécile-fille
ACoAACUc9OEB7nAWrKwA9SxoTvZZWqZw6NxZPl8,DISTANCE_2,ayman-sellami-6a9638154
ACoAAAS0oNcBw8OBJFDtzKURrQP5Xs4JJNWn0k4,DISTANCE_2,benoittannierre
ACoAADPrsb8B9dvjB_873-nDNUisu2YUA3Og2qA,DISTANCE_2,patrick-alstomen-993883203
ACoAACjfBkkBqMoXOgvfQSHZshDMHfRRaIlUfHQ,DISTANCE_2,faouzia-said-a89783171
ACoAAC627i8BJCldZqS0nCvRwQ4mQ5KtAHDz8-0,DISTANCE_2,yasmine-agouza-bennis-61358119a
ACoAAA9dVEsBFppKt3XrrwjFUJQxB2YvhVt8iyw,DISTANCE_2,romainsantoni
ACoAACKKVPAB5ahhW-vmaul1TbbOkAPcQCSd5Sc,DISTANCE_2,laila-thiyfa
ACoAAB3CdRABBa1SSmWEe02-JJvOoFn1vXTHJIg,DISTANCE_2,joseph-burgarella-06826111b
ACoAACEabAgBzHNnAU-dCg3CMB68iGXISq-cSwg,DISTANCE_2,rima-oukil-374bb4135
ACoAADtJ840BUD7YVn36q6TfgCixuJOGRYbDvXU,DISTANCE_2,olivier-sulpice-a39159239
ACoAACcrrYEBzATkKz7mFDOaZXaLVoq12PULdAo,DISTANCE_2,riham-younes
ACoAAC2vAgQBHBb-0pwFxl2XFfGEIVG_CRkRx0Y,DISTANCE_2,mélissa-tamine
ACoAAAUT4JkBQ6iEoAKLwD3INr-DQHWYMUsbROQ,DISTANCE_2,svend-emil-therkildsen-07564324
ACoAAC6DEOsBTLpsWlW5ZNVEjkIqr2XwCos6_9Q,DISTANCE_2,elise-saba-60b402199
ACoAACtHJlwBErhvXMfA4zYaozPZZ-_JoIlUc1k,DISTANCE_2,meriem-el-kacemy
ACoAACnwrCcBfvRPEXJBRwK-uz0p5E1A-hjNr7o,DISTANCE_2,marianhuot
ACoAACEUTUIBPIf72TU5ipnbREi0tLdaZKacfLY,DISTANCE_2,makkejana
ACoAADNckLIBzKfVWDYcCxhQCSIkaT5IyB74K0w,DISTANCE_2,nathan-faganello-6166bb200
ACoAAC4ginMBelabupDRKzgbWFTYlsflLAFXyus,DISTANCE_2,mira-bou-nasser-eddine-a17209197
ACoAADJJOpcBCdkM1zVL6_QLu-26JzdHAs-yyBQ,DISTANCE_2,michel-lebbos
ACoAACcYCZoBi_p2P7VyTYoNw8Xu-KAgRrgmq-E,DISTANCE_2,annamonicatoon
ACoAAC4Dj9kB0FbEFvg1Usdkv3uYOsBQ87HpOP8,DISTANCE_2,vincent-jossse2
ACoAABQHXiMBOdvCIKCH2kyVxBFAbJb6XR2F_hg,DISTANCE_2,erwan-cabon-lunel-20365094
ACoAADTxBlQBPy2ntpbP1OkC31Cs2yc2ETqj0g4,DISTANCE_2,christian-mikhael
ACoAAB_yFjABK-2F_K8ejJrT5NIqph4n6JG9oPE,DISTANCE_2,stephanie-aoun-0394
ACoAABXZm6EBpS5hdsqfi9i740t_Ka7JLhwfJ7Y,DISTANCE_2,vivien-delenne-915926a2
ACoAAC15t5IBUbPR3kreU6dcXpecDkLOXPK0frI,DISTANCE_2,mira-hajar-a96616193
ACoAACQraHMBoOhG5xdIxCGEOUHZXJvDaB_Js28,DISTANCE_2,camil-merheb
ACoAAC6qAMIBwdS4wy4RZZum_SM0It6zNASx8iM,DISTANCE_2,mohamed-vadhel-ebnou-oumar
ACoAAC12dfkBK8rcMuLSllJsYNPtm7lwpSTwlQY,DISTANCE_2,emile-prost-4a1533193
ACoAAC70POYBWx_AR-rxsbemxAknVyn2mmKG9VA,DISTANCE_2,maya-el-gemayel
ACoAACTbvlsBrMhlEM7Hoj__wGLDQZt8RhLJ7qQ,DISTANCE_2,latifa-bellout
ACoAAB_uGPsBQ3cS_Fkh1JQf3G-JWUlWD1XIdlQ,DISTANCE_2,jasseur-hadded
ACoAABi-uYEBfQhiw6s86pawwPFgiJnQN4KczNA,DISTANCE_2,sarah-kobaiter
ACoAADK182IBvs3PalTn0r1ZhS4nxUSZo5AJRS0,DISTANCE_2,manas-uteshev-602b141b8
ACoAACoN5ugBbNMNOic1kvhb3nVLe4dODHCH1DU,DISTANCE_2,jane-harmouche
ACoAAC6qaMEBlkEDX0vL2Cu4fV1Nw2Vf5zQtCFg,DISTANCE_2,adham-el-karn-76924619a
ACoAACjfHtgBTz3phu81PhtOTX7D-vHr4Vzlq-M,DISTANCE_2,estelle-tahan-648787171
ACoAABtIwg0BJdtiGZF5-JvFOGqKEA5PaByO4Rs,DISTANCE_2,sebastien-lubineau
ACoAACMalLcB5dInWPyo1kr8_5SXdmXpcRTCsLs,DISTANCE_2,dina-abed-49b2a0145
ACoAABNDgPYBhxDYrZk_qOXplTrqZ1MnKogBLPE,DISTANCE_2,arnold-wakim
ACoAABMB-EwBfTL_UQuTqYdYcdFWvqoPgdKYdUA,DISTANCE_2,gracia-atohoun-4b896a8a
ACoAAAT_m20BR2UZx4Vb-EKwr6VMrRLz2Tc0umA,DISTANCE_2,melek-chaabene
ACoAACjTi5ABXketaVvZHW7M8S4XRT1nFEM8S0g,DISTANCE_2,sara-nehme
ACoAACwOWmgBFv07yCYe1jm758DyzvOj6O3orNI,DISTANCE_2,bastien-le-chenadec
ACoAADe8NDkBmSw4YSXENGBLWL79NS0oRTxjxbA,DISTANCE_2,joseph-ngueponwouo-a211a6221
ACoAACE8ZOQBJBANuJ0zo6tU52gc-KHy7Vz92sE,DISTANCE_2,xavier-desprez-8848a8136
ACoAABzwV4oBr0SSqmsQQlJHQ34Eksft52u371A,DISTANCE_2,vanessa-rameau
ACoAAAfgWOQBfX7tBMr5zAmXzKXXkWndm45424o,DISTANCE_2,skanderhouissa
ACoAACuZ8ooBTc2Q9Erkr5_hQ99LylUos_I_HiI,DISTANCE_2,jad-khalil2
ACoAACRRlKABcpQTxAvff12pkr_FDns-ATWRick,DISTANCE_2,georges-chtaiwy-42808b150
ACoAABNOLyUBKkO23xRBhXXcwkHYqbaI8Qliflg,DISTANCE_2,margaux-roussel-ab157890
ACoAACGrNSwBiolV2cDOmr85wkOliziHQbVKGpc,DISTANCE_2,arno-ricou
ACoAACKDt6AB0hPcVH8Gfv6mQz9FZWGyqEaeXl8,DISTANCE_2,ayale-haddad-914b12141
ACoAACZnzHYBPpTwPaUxidunYT9_RpEkw9Pu-rQ,DISTANCE_2,sara-jammoul-09a95415b
ACoAAC4NS-oB_1N7YLgcsD7_IxXrsd99EfU0ZQA,DISTANCE_2,antoine-arnoult-ba28bb196
ACoAABi4STgB1TE6qZ60VkQQjYLe7zhgYx_SXiM,DISTANCE_2,david-dagane-134a86b6
ACoAAC-rL3UBcFqGcZJWbWe34lx3D30M8ROXFw0,DISTANCE_2,danykaraki
ACoAADDKBa8B2Lt7gn2IZUM4U7r3F0BnixBL9_Y,DISTANCE_2,georges-souaid-7a71671aa
ACoAADfpQZkBpaUwcWLgydcOpkA1Rolf9PRUcsU,DISTANCE_2,adrien-poulalion-5b518b222
ACoAABb0McoBkiesqgSTi0v0KuKRY7Q47kX4NS4,DISTANCE_2,karim-zughaib
ACoAACJwsysBbfyM9wlfDs0KA1hjUn6XCuB5NJ4,DISTANCE_2,dr-youmna-geha-60b611141
ACoAABmpr4kBGj7w92Wl4UCepXcQjb5FWFBYELs,DISTANCE_2,anthony-j-nasr
ACoAACa3LvMBOXqZ7mhnfQTo_w_ogcpv2dRbMhI,DISTANCE_2,frédérique-freire-983642161
ACoAABguWWYBhlZ7eYkGtAP6nU3QqzbeqhivhT4,DISTANCE_2,jean-demuynck
ACoAACaM1g4BYfiwMt0Z-e7i8IEpMwPQUGkQUUc,DISTANCE_2,tristan-baraille
ACoAACGpAvIBbgcItW8hUvXHQZNFRXgeZG9to90,DISTANCE_2,zaffranmargaux
ACoAADB26m0B4V1wD4Fn_IzsRqHtBdF_AbhSjDg,DISTANCE_2,axelle-maurice
ACoAACAJVjEBsBwK4tvkCij3Cjs15wtloEsGAk0,DISTANCE_2,quentin-sopheap
ACoAAC5VdT0BI1apoH78Gl2MIKIB0CXJVAOhHgU,DISTANCE_2,paultarbouriech
ACoAADdqcKoBvYyUtYVqdjO8yxWfEM2psQ01Dz0,DISTANCE_2,anthonykiwan
ACoAAAEFAz0BDvXf0dd0c9kDEoXGrmifSvsdMAI,DISTANCE_2,juliendelouvee
ACoAADN-2TwBDhrYFxqtUutAxOiEgXoSE514mD8,DISTANCE_2,lorenzo-musa
ACoAACS8XpcB35MH6XkrliGHebZ4UeN820zSJhI,DISTANCE_2,imane-kouaki-5074a5152
ACoAACsFeWIBNGE-CEQp2dh_xNYIPwrc2t5eKjQ,DISTANCE_2,mehdi-benharrats
ACoAADTNav8B5hmuik_CfwIzw47PEyPLl7W1QfA,DISTANCE_2,léopold-dormeuil-713818208
ACoAADKtrBQBb8mNK88DNqs5dYr55iwRtbGaF7I,DISTANCE_2,ricardodeveloppeur
ACoAACtTTXMBE8clwHb7_5IeR9LOpqHoA_2PdPo,DISTANCE_2,kaouthar-foutouh-b0351b183
ACoAACZulfMB_elbYDrc6CmthNXDKQ8SCHLNEXY,DISTANCE_2,nancy-el-sayegh-583b2915b
ACoAACqI1YwBK4FxFzs8kRm3OxNMDPTaUPrvn8k,DISTANCE_2,imane-el-moul-☁️-150ba117a
ACoAACSVXEEBI74QXtkrHrq4IlR9q8ICQrsgU00,DISTANCE_2,adriana-nasr-b69671151
ACoAABA8iwMB7mio4P-0RjJXgLvvnEx-rscpH8I,DISTANCE_2,bérengère-de-l-estoille-8ab28877
ACoAABbvnDABPNBUt53nHlzeVQ4pFWJ-HAvw8WU,DISTANCE_2,ali-mkahal
ACoAAAfSS94BAkz7Rqx6hBr1td9JX6eoXuypsm8,DISTANCE_2,elias-fakhry-b3ab4237
ACoAADeoMzIB6gBVSkx1WTFdx-4JJ9o1tlqUNjE,DISTANCE_2,thibaud-labat-216874220
ACoAADKtb1cB5pI2D2ly76ROlivIFIADWJ2EN3Q,DISTANCE_2,sarah-sammut
ACoAADNAxyQBqSXVUMZofzdVmUKG-_88gZNmLk0,DISTANCE_2,clement-naudet
ACoAACeBB6gBAcEmwWonyXqpr8yFWtFUQ6-Uq9c,DISTANCE_2,joelle-elkhoury-psy
ACoAAC0XdgYBd6MVkQ-dHogmjbpX48KwvnOtJx0,DISTANCE_2,maria-abboud02101998
ACoAACG4-K0BVRqT9kzw3CeyrjBxi3XUXez9URs,DISTANCE_2,youssef-c-525585139
ACoAADeej5MBrX_SUd0EiVqPBDi3Jq2zq72CtjE,DISTANCE_2,auriane-talma-72b60a220
ACoAACXM4ZQBBERVGFFFsVXOMYprDeJuBh_lhU4,DISTANCE_2,arina-turchina-818478158
ACoAAB2NWFYBdhBVtFIWowjdQ1KSyE5kE2_mVI0,DISTANCE_2,maud-badouel-rrh
ACoAABroM-gBfqiW91NCIJBOoRtL3r_YBEdxoC0,DISTANCE_2,romainriviere55
ACoAADK47BwB26S_LgcY3ZYOBDWxsDoixEdKNrg,DISTANCE_2,mickael-mabille
ACoAACQslBMBOBYWmBckL7nCKmsmYq2Jbs7orU4,DISTANCE_2,chloé-friess-01730014b
ACoAACj8EBkBLp5NTJixt8eU0xF4s8XZ2gz33Yo,DISTANCE_2,baya-belghoul-249341172
ACoAACm8QpwBevAtYjcUavuFqSqjPFcBO6quTco,DISTANCE_2,henri-jean-jaurès-kouamé-5645b6176
ACoAADFK55UBYhFGiYGgVEy69Fc5ZDVspyUHREM,DISTANCE_2,supriya-panday
ACoAAC35lcABTDkszE8agM1aqVATFAkobFrtV_A,DISTANCE_2,vivientisserand
ACoAABbtbLwB9XYSGfZt2kqBMn4CNvOuIO7Tw7E,DISTANCE_2,darine-el-murr
ACoAAACFSGkBrT4SaDXO9AEsMFBVuzt4k5TH5N0,DISTANCE_2,khaled-tilouche
ACoAADP04YMBz6Shzy3yM9Ub4NR-t9UbODNgkJQ,DISTANCE_2,hippolyte-storez-283b14203
ACoAAAL2eacB18TqLjWmwffiz_hZr-D0Dmd6UIM,DISTANCE_2,elie-ayoub-a5b79114
ACoAABQhSFYBlSWUG8U4yfZaK_9Zu3Ow_zSdex0,DISTANCE_2,imane-lhouari-01a12b95
ACoAABiuFyIBWMXQexrtuUkA_i3lSnuoIMxqVgA,DISTANCE_2,mayeul-touchard
ACoAAC-RqJ4B9fEYmpoC4jK5hYslsC1B5tGksHk,DISTANCE_2,wissemgad
ACoAAAU3ktEBfFkDiF9hK1aKt4SlRsLphgGp6tk,DISTANCE_2,shahnaz-el-fassi-a4139025
ACoAAAt2JxEBn_1VwBB5AUnEROsqXmaDs3zQ8-g,DISTANCE_2,tatiana-amorelli-55549454
ACoAABgkKtMB-iXVyoiowFTGgSz9yXO1QQXEMK4,DISTANCE_2,pierre-attali-697784b3
ACoAAB7VNOUBPe0Q7qTQ3ID3PAXN44rT1tvzaME,DISTANCE_2,abdelmadjid-chegrouche
ACoAADFm9RcBPWImzmvfZP9V8dfLjpG78zdvKS4,DISTANCE_2,mylane-goulamaly-69b6a71b1
ACoAABiuTnoBULD3LuymSJ_QfVQFbLy6BR1BLiU,DISTANCE_2,patrick-saad-76280bb6
ACoAABRoBYQBCCKxsfPYEI2ir8bS-f60rRRfqEc,DISTANCE_2,jad-rawda-a307a596
ACoAACDfZvEBjMkUTuYE02jES9VPqQCqzgjcRA0,DISTANCE_2,hanta-rakotonirainy-b01849134
ACoAACxKn5QB5fu7pr6uxvoHCAf4HtvMwsTmq6E,DISTANCE_2,meryem-moutaib-958a37188
ACoAACBjKgYBaGMcaYqAUpGuj8ZlCafJYP6b4Bg,DISTANCE_2,trécy-mayer-0b2b82131
ACoAACknXJIBnuWu69isvPOIWM0aqAu9mmyV9hY,DISTANCE_2,aya-tohme-41628b173
ACoAABHKZz0BKGsP5O_ur_4_j13pBaE45jlIqs4,DISTANCE_2,lidia-kassir-b65b6183
ACoAAATqA9MBeQX79KXjxX58pJfJVwE5HJM-3Mw,DISTANCE_2,noël-cavaliere-46b73b23
ACoAACN7tWgBz-MDSjWLrpuNj2ogcWsSVzcdoqk,DISTANCE_2,ghita-benjelloun
ACoAABVaxiEB_hBkD4YIu7uSPDnAWRa1Y2in0zk,DISTANCE_2,marc-al-hachem-569b989b
ACoAABlIzygBDSlLmCAhZdaG2pJ0QTcYs8byvJQ,DISTANCE_2,inès-bouhamidi-348093ba
ACoAAC9eaaEBO-vt60FrLl2iB-LZZSfF1WembaU,DISTANCE_2,laetitia-khalil-5151951a2
ACoAACvmhOwBwYmM2gSDjg9Ze7-TvsegYsM4YaU,DISTANCE_2,abdennour-jrad-2b87b3186
ACoAADKGOq0BCLLJUTn_18qov04JU6lHeuQeuX8,DISTANCE_2,melodie-melard
ACoAABI92DkBwkspKK4bWJneqbzj2q8meqPka4c,DISTANCE_2,clemchance
ACoAACW7Je4Bx10FxDIcDFFVpl54bv6Tdyj5jpw,DISTANCE_2,maevaniang
ACoAAC0hHBcBft7dwF_95d9Sg3NtuSPgR753-QQ,DISTANCE_2,edouard-antheaume
ACoAADcTW8cBPIDOf91VhRviKM6HxuLbbRi1JBI,DISTANCE_2,jean-féline
ACoAABet54gBy9basYGaliuYw4Df_vpENmW-P30,DISTANCE_2,rudynader
ACoAAAzRUJ8Bt50x6jXya2ygwmJAhSk8jgGXnr4,DISTANCE_2,alexandra-sarfati
ACoAACo3UuwBV7MZDgqfbOGlh7OjdJ-8Z8tCglY,DISTANCE_2,jana-azar
ACoAABZ__JMBCOqhvpz-L7EsnSJp09ANyiQFbjE,DISTANCE_2,claire-d-ayguesvives-9ab504a6
ACoAAAA9uWwBr9JHOG8wuq14xuiQZg3Rvly9bpA,DISTANCE_2,carmen-yaacoub-b504301
ACoAABhSGBEBFh7U1aOzEAQirEsASRckJePRicc,DISTANCE_2,sonia-bacheikh-469796b4
ACoAADlLoVQBrYzuEIkqkaUeHB0xga5-sY2p8ZU,DISTANCE_2,pierre-de-la-bellière-558b0b229
ACoAABtlyNwBU8sCxveCyE9riAllSNKZSLv7LMU,DISTANCE_2,baspinarmichel
ACoAAAnBWnUB-EqxsZChBWj-6Cb_WEbyYCcMeSY,DISTANCE_2,adeline-alliot-53198a46
ACoAABibJNIBK8VKW1kxFuduaeioSisvwfLNIGs,DISTANCE_2,maud-greco-a42304b6
ACoAAB3FQfEB4VagkM2pz_YCg7EdMD-YNKE-KnM,DISTANCE_2,motivationiskey89
ACoAAADvyw4ByI3mKMDMH9bSengCqq4LP3oLRNo,DISTANCE_2,pierre-le-bidois-46631a5
ACoAAB_1NpcBgqsqW0CVpKrxsN6C_z_d_qtcugU,DISTANCE_2,hectorcachero
ACoAABsFyB0BEQZzCP7UX4L2UBOGITHAUKZvQvY,DISTANCE_2,morgane-alexis-3399b7107
ACoAACqjDb4BbhK3C3gyw-jrsa4Nqpo6FWzIGRs,DISTANCE_2,amina-jbari-62668b17b
ACoAABsxhxcBAPITKENi9vgGowBWnaJXYmbAK40,DISTANCE_2,lydia-steunou
ACoAAA4LiSoB0Wc0sTI-rFCbRVKsG-M44j9MTa0,DISTANCE_2,léa-morales-036ab866
ACoAACdy1CEB9NK81H1UUFf1UTMqAqvNnBux3dk,DISTANCE_2,julia-masullo
ACoAACRfmpoBRr0B1FyE6nOmCK8VktOOdfgyu4k,DISTANCE_2,manon-bourgoing-24a453150
ACoAAAwG7p8BjsoBoK_IgrtiUaWDjUegT2C_sK8,DISTANCE_2,ilheme-el-boubkari-4276ab57
ACoAAC1mRJwB0Rx6YXB5i5do8NbLqf7Srv0AdKM,DISTANCE_2,xavier-leprintemps-lekeuka-338101193
ACoAABK1mwUBWgYDZuGzYfovJL5r2tWw_gj-Xvo,DISTANCE_2,elvyr-matchi
ACoAACFsKOoBI2_6KTRTLE4kbsrlJm3BX7d8WPw,DISTANCE_2,daria-l-34a958137
ACoAACj6DFEB59B3MImXFETusRnLF5V_yjmgqIk,DISTANCE_2,alexis-wallner
ACoAAARVy0YBpaIrKL7VdZbphuD-A9TFfkHnRQc,DISTANCE_2,sabine-osmont-b7243520
ACoAACPYoxsB234RCsRX0qdQS-8D4uOp23yMcuc,DISTANCE_2,julienwarnery
ACoAAASqmGQB-lP22zbqtr_Se6G8tTOBkfr0SnI,DISTANCE_2,florent-gusdorf-17027622
ACoAADI7Ha8BHt2-CVdLkYeXHDgZRzF2lm6yHY8,DISTANCE_2,karine-chahine-a672911b6
ACoAABL2mUcBA41h1IlFvIz2zptATzzte7mH2o0,DISTANCE_2,christelle-abou-chedid-19b66b8a
ACoAACnQKt0Bs6ooLEsW8e-WMG0TxXpJzS60_NA,DISTANCE_2,reda-bencaid-565b25176
ACoAADJ-RVwBLK1ingZMu8ba4lVofEh6UxCbMJw,DISTANCE_2,taha-hammadia-9648541b7
ACoAAAZzvEUB2snFXTxoVH7up3_jJzhm6UdSspk,DISTANCE_2,morgan-yvinec-71930330
ACoAAAA_axQBbMxIyqDOmMgK2DPdmtHrO--44c0,DISTANCE_2,gaelle-zinkiewicz-2444851
ACoAACia4YUBkGb_Cpsxkl0o5_sZt-Tfoy3mMcI,DISTANCE_2,margaux-hamon
ACoAABvpZwcBU959pKcVe1zxgyfpvKuAKTB6hj4,DISTANCE_2,minad
ACoAAB_uCCQBho-LwbKO6f-1d75IsXVMkNKo674,DISTANCE_2,fadi-ubeid
ACoAADPoRekB-JWGE5XEv1XYpXLDhUTm_8lf_QU,DISTANCE_2,patricia-fontaine-089796203
ACoAAC3Wxd8BfL5Wg59XgmVJDe__5dEhyF59tvY,DISTANCE_2,tom-chevallier
ACoAAC3psN8B8Y2G6v2GkgkDQ1DYSEKWsHbDFxM,DISTANCE_2,khalil-chatti-73bb75195
ACoAACNKJo8B3Qii9lIkvR6_jdyG1uAzYv3FyBc,DISTANCE_2,louis-nicaise
ACoAAAMV3HgBqQxfZyDotjpc_hWxuJPck1qEC68,DISTANCE_2,céline-cormery-27440415
ACoAACFZc6ABZJFHl1TfYD7VJRj6I_pqsctbrGc,DISTANCE_2,astrid-brindejonc-914466137
ACoAABgXSFsBvq4qK5ZPh-sMHOS9XCzbVxgFJKo,DISTANCE_2,ltranengie
ACoAAAAT338BIlbD_uaakFElBqLGzugF1lwWW5M,DISTANCE_2,yves-bernaert-853529
ACoAAA3Gr4ABGOV3jnOtHMEP8B_QaopriuAxry4,DISTANCE_2,kahina-dabel
ACoAAAl7QtoB3E88v1AXpV572Jur3FH1Fj2NcZU,DISTANCE_2,anne-sophie-n-16233445
ACoAABTi-B8BANxFRj8b_JzgYPcvKF8XlGHqSrw,DISTANCE_2,maxime-gonzalez-anton-91343099
ACoAABsYKv0ByBEeY-ZmuuSiNuxcJG1goAHciDc,DISTANCE_2,céline-lefebvre
ACoAABGuAfIBVMGBT120oRt0Auznits2WSilKGM,DISTANCE_2,linda-hamdad
ACoAABr0I0QBYLEJ43Jsfv2NZdaAqsedMZ3FpQ0,DISTANCE_2,elsa-etienne
ACoAABq5v3gBdVGSzgDLMtApIihnxqb_7VonZ2k,DISTANCE_2,marwa-dhaouadi-7601b3106
ACoAADbqO-MBHnSCyz_Gr1nOBxgiczfBIxiqxGE,DISTANCE_2,charlotte-pasquier-65766b218
ACoAAASSke4BMKrpPem3saC-B9Ow1ISsym7ou4s,DISTANCE_2,nicolas-parouty
ACoAACjEZSEBrgfV3pbVNPQ_S1mf4qdNEvOFwpA,DISTANCE_2,wali-mogalia
ACoAADOF4-IBm7fJja8VGYq-Idi6gms023rX4SQ,DISTANCE_2,victoria-yahyaoui-96a5a6201
ACoAABjR8doBaksLZ9EjVqcwvTQx-TmnrBAikfM,DISTANCE_2,rachelle-abou-jaoude-phd-2a2557b7
ACoAABvVcv8BeaDoywTiMhcVY9hjweuoU4L6mMQ,DISTANCE_2,anaïs-q-31347b110
ACoAAB-L3MwBGWmdtar2h1fvZjRoJu4VaCdRxIk,DISTANCE_2,estelle-durand-6902b8129
ACoAADdW-NUBdtcqBSxUBxbTaia6BBrqZGQQTpA,DISTANCE_2,melanie-romey-645b2721a
ACoAAB_rgSkBnnw_zAZNkH7Ypzg5AslRvWOMjUo,DISTANCE_2,aurélie-drack-a6141b12b
ACoAACIXw5sBNfcJhrzGIcayQYJLS81NLvrtxeo,DISTANCE_2,thierry-laurent-64b68013b
ACoAAAk4kvMBh8mSDYcXC7p5djxGq3pLo9brQec,DISTANCE_2,claire-b-b5798643
ACoAAB4uaH8BqtyxxAKYT_Y-mcm-AlMC4BBYfW0,DISTANCE_2,jennifer-moreira-2276b3121
ACoAACVpgC8B5tWKYsenFsn8-ZDJoSoVSr_gmD8,DISTANCE_2,ruby-salois-6bb257156
ACoAACNxbz8B4z8eeylolUsfuboOwwQtKBTDNLQ,DISTANCE_2,lyes-amara
ACoAACIEmsEBhExLEnn_y0bf9cWdvv957m2dFIk,DISTANCE_2,stéphanie-petillot-a8117513b
ACoAACX3AjQBfrNq8H9oylfpsh6POI1xICTA0dE,DISTANCE_2,marcella-petrovic-49838a159
ACoAADpliAQBvTHo04dCwI2qfBAtl_YsCaajrM4,DISTANCE_2,sacha-akonis-groupe-sentiles-99813a234
ACoAAAqLTcYBWf_wpSfTRGhidbQyeNUzmyFS8Bw,DISTANCE_2,sarah-attias-71a2b14b
ACoAACv8_QsBwecI6v8KJ3eHWtcAlv1ion0wBwg,DISTANCE_2,lucas-noblet
ACoAAA8NGp4BUM_oZt3yOrfAJuNOulfxhl6-uu4,DISTANCE_2,sarah-fosse-65269870
ACoAAAA_RjsBuKGp-gJ1QJWnhI5eiZYByd_Hi4Q,DISTANCE_2,riadh-shaïek-8a347b1
ACoAACUv-UcBoquhPf5HA4HWBNMVyJ7Bj9P4ZvI,DISTANCE_2,annick-lubert-99bb39154
ACoAADQpPSUBeQV8fuKLKnr3Nq0DEZzsBz7Ao8Q,DISTANCE_2,mariette-tiédé-b450a9205
ACoAAB9EicABE9Djx-M3_4kzxaCU4KkJvaLiwMM,DISTANCE_2,pauline-arnould-628823127
ACoAACZ-Pg0BU8nMOgi2o4f5XHkDdgjFbzgOQrg,DISTANCE_2,jeans-stinford-325343160
ACoAACm8QpwBevAtYjcUavuFqSqjPFcBO6quTco,DISTANCE_2,henri-jean-jaurès-kouamé-5645b6176
ACoAADFK55UBYhFGiYGgVEy69Fc5ZDVspyUHREM,DISTANCE_2,supriya-panday
ACoAAC35lcABTDkszE8agM1aqVATFAkobFrtV_A,DISTANCE_2,vivientisserand
ACoAACENL5AB7xa1-ZE5NTzdCeNzmALqnIuSt7s,DISTANCE_2,nicole-mastria-380856135
ACoAACGTGZ8B0RQ7wrLz8SDoWBaqnzY7pU24NNE,DISTANCE_2,simon-frangieh-167789138
ACoAAACHrA8Bj1gs0URQ9XKvPZagHz6hUTGszHQ,DISTANCE_2,anthonybutorovic
ACoAABiuFyIBWMXQexrtuUkA_i3lSnuoIMxqVgA,DISTANCE_2,mayeul-touchard
ACoAAC-RqJ4B9fEYmpoC4jK5hYslsC1B5tGksHk,DISTANCE_2,wissemgad
ACoAAAU3ktEBfFkDiF9hK1aKt4SlRsLphgGp6tk,DISTANCE_2,shahnaz-el-fassi-a4139025
ACoAADdJDDgBqrN2WGxf10w80lznXJ72DzYe614,DISTANCE_2,corentin-pernot-53476721a
ACoAAAt2JxEBn_1VwBB5AUnEROsqXmaDs3zQ8-g,DISTANCE_2,tatiana-amorelli-55549454
ACoAAB7VNOUBPe0Q7qTQ3ID3PAXN44rT1tvzaME,DISTANCE_2,abdelmadjid-chegrouche
ACoAAAul6CgBTXa-KCFVWVwNF1lBJ5T6ME5N__U,DISTANCE_2,marion-favennec-6b454355
ACoAACsi-k0BovjUOgyz56GUB_WGY-0RcVisvZc,DISTANCE_2,amal-sridi-1a5453182
ACoAABRoBYQBCCKxsfPYEI2ir8bS-f60rRRfqEc,DISTANCE_2,jad-rawda-a307a596
ACoAACknXJIBnuWu69isvPOIWM0aqAu9mmyV9hY,DISTANCE_2,aya-tohme-41628b173
ACoAABbIo80B2dsKSERNDkscN0iDnWozDEcasy4,DISTANCE_2,anthelme-jacque-325020a8
ACoAACN7tWgBz-MDSjWLrpuNj2ogcWsSVzcdoqk,DISTANCE_2,ghita-benjelloun
ACoAAC9eaaEBO-vt60FrLl2iB-LZZSfF1WembaU,DISTANCE_2,laetitia-khalil-5151951a2
ACoAACW0qhUB8BbBldiZDFsv5r6ECRxdbnTgGr8,DISTANCE_2,iness-chatt